X,Y,month,day,FFMC,DMC,DC,ISI,temp,RH,wind,rain,area,month_num,day_num,season,FDI,temp_wind_interaction,log_area
7,5,mar,fri,86.2,26.2,94.3,5.1,0.19292604501607719,0.4235294117647059,0.7000000000000001,0.0,0.0,3,5,spring,4175.899843137255,0.13504823151125403,0.0
7,4,oct,tue,90.6,35.4,669.1,6.7,0.5080385852090032,0.21176470588235297,0.055555555555555546,0.0,0.0,10,2,fall,32029.31767164179,0.02822436584494462,0.0
7,4,oct,sat,90.6,43.7,686.9,6.7,0.39871382636655955,0.21176470588235297,0.09999999999999998,0.0,0.0,10,6,fall,40590.868925373135,0.03987138263665595,0.0
8,6,mar,fri,91.7,33.3,77.5,9.0,0.1961414790996785,0.9647058823529411,0.39999999999999997,0.03125,0.0,3,5,spring,2629.4974999999995,0.0784565916398714,0.0
8,6,mar,sun,89.3,51.3,102.2,9.6,0.29581993569131837,0.9882352941176471,0.15555555555555553,0.0,0.0,3,7,spring,4876.9520625,0.04601643444087174,0.0
8,6,aug,sun,92.3,85.3,488.0,14.7,0.6430868167202572,0.1647058823529412,0.5555555555555556,0.0,0.0,8,7,summer,26136.848435374148,0.35727045373347627,0.0
8,6,aug,mon,92.3,88.9,495.6,8.5,0.7041800643086817,0.1411764705882353,0.3,0.0,0.0,8,1,summer,47842.71684705884,0.2112540192926045,0.0
8,6,aug,mon,91.5,145.4,608.2,10.7,0.18649517684887462,0.8352941176470587,0.2,0.0,0.0,8,1,summer,75621.99644859815,0.03729903536977493,0.0
8,6,sep,tue,91.0,129.5,692.6,7.0,0.35048231511254024,0.5647058823529412,0.5555555555555556,0.0,0.0,9,2,fall,116599.21,0.1947123972847446,0.0
7,5,sep,sat,92.5,88.0,698.6,7.1,0.662379421221865,0.29411764705882354,0.39999999999999997,0.0,0.0,9,6,fall,80093.01408450704,0.26495176848874596,0.0
7,5,sep,sat,92.5,88.0,698.6,7.1,0.5016077170418007,0.4235294117647059,0.7555555555555555,0.0,0.0,9,6,fall,80093.01408450704,0.37899249732047163,0.0
7,5,sep,sat,92.8,73.2,713.0,22.6,0.54983922829582,0.27058823529411763,0.39999999999999997,0.0,0.0,9,6,fall,21430.88707964602,0.219935691318328,0.0
6,5,aug,fri,63.5,70.8,665.3,0.8,0.47588424437299043,0.6705882352941177,0.7000000000000001,0.0,0.0,8,5,summer,373881.96749999997,0.33311897106109334,0.0
6,5,sep,mon,90.9,126.5,686.5,7.0,0.6141479099678457,0.31764705882352945,0.2,0.0,0.0,9,1,fall,112770.86464285715,0.12282958199356915,0.0
6,5,sep,wed,92.9,133.3,699.6,9.2,0.7781350482315113,0.07058823529411767,0.45555555555555555,0.0,0.0,9,3,fall,94168.97360869565,0.35448374419435513,0.0
6,5,sep,fri,93.3,141.2,713.9,13.9,0.6655948553054662,0.34117647058823525,0.5555555555555556,0.0,0.0,9,5,fall,67661.07945323741,0.36977491961414793,0.0
5,5,mar,sat,91.7,35.8,80.8,7.8,0.414790996784566,0.1411764705882353,0.5555555555555556,0.0,0.0,3,6,spring,3400.706256410256,0.23043944265809221,0.0
8,5,oct,mon,84.9,32.8,664.2,3.0,0.46623794212218655,0.37647058823529417,0.5000000000000001,0.0,0.0,10,1,fall,61653.7008,0.23311897106109333,0.0
6,4,mar,wed,89.2,27.9,70.8,6.3,0.4405144694533763,0.23529411764705882,0.39999999999999997,0.0,0.0,3,3,spring,2796.8022857142855,0.17620578778135051,0.0
6,4,apr,sat,86.3,27.4,97.1,5.1,0.22829581993569137,0.34117647058823525,0.45555555555555555,0.0,0.0,4,6,spring,4502.051019607843,0.10400142908181495,0.0
6,4,sep,tue,91.0,129.5,692.6,7.0,0.5176848874598072,0.29411764705882354,0.25555555555555554,0.0,0.0,9,2,fall,116599.21,0.13229724901750628,0.0
5,4,sep,mon,91.8,78.5,724.3,9.2,0.5434083601286175,0.27058823529411763,0.25555555555555554,0.0,0.0,9,1,fall,56733.94663043478,0.13887102536620224,0.0
7,4,jun,sun,94.3,96.3,200.0,56.1,0.604501607717042,0.34117647058823525,0.45555555555555555,0.0,0.0,6,7,summer,3237.4652406417113,0.2753840657377636,0.0
7,4,aug,sat,90.2,110.9,537.4,6.2,0.5562700964630225,0.32941176470588235,0.6,0.0,0.0,8,6,summer,86704.98277419354,0.3337620578778135,0.0
7,4,aug,sat,93.5,139.4,594.2,20.3,0.6913183279742765,0.2,0.6,0.0,0.0,8,6,summer,38151.44522167488,0.4147909967845659,0.0
7,4,aug,sun,91.4,142.4,601.4,10.6,0.45337620578778143,0.5294117647058822,0.5555555555555556,0.0,0.0,8,7,summer,73843.75003773585,0.2518756698821008,0.0
7,4,sep,fri,92.4,117.9,668.0,12.2,0.5401929260450162,0.22352941176470592,0.6,0.0,0.0,9,5,fall,59648.89573770492,0.3241157556270097,0.0
7,4,sep,mon,90.9,126.5,686.5,7.0,0.5530546623794212,0.38823529411764707,0.09999999999999998,0.0,0.0,9,1,fall,112770.86464285715,0.055305466237942115,0.0
6,3,sep,sat,93.4,145.4,721.4,8.1,0.9003215434083602,0.10588235294117648,0.25555555555555554,0.0,0.0,9,6,fall,120949.03338271605,0.2300821722043587,0.0
6,3,sep,sun,93.5,149.3,728.6,8.1,0.662379421221865,0.2823529411764706,0.3555555555555555,0.0,0.0,9,7,fall,125567.0139506173,0.23551268310110754,0.0
6,3,sep,fri,94.3,85.1,692.3,15.9,0.7459807073954985,0.10588235294117648,0.3555555555555555,0.0,0.0,9,5,fall,34941.25181761006,0.26523758485173277,0.0
6,3,sep,mon,88.6,91.8,709.9,7.1,0.28938906752411575,0.7411764705882353,0.7999999999999999,0.0,0.0,9,1,fall,81323.34439436618,0.2315112540192926,0.0
6,3,sep,fri,88.6,69.7,706.8,5.8,0.5916398713826367,0.25882352941176473,0.15555555555555553,0.0,0.0,9,5,fall,75254.94579310344,0.09203286888174347,0.0
6,3,sep,sun,91.7,75.6,718.3,7.8,0.49839228295819943,0.2823529411764706,0.3555555555555555,0.0,0.0,9,7,fall,63841.398923076915,0.1772061450518042,0.0
6,3,sep,mon,91.8,78.5,724.3,9.2,0.6109324758842445,0.2,0.25555555555555554,0.0,0.0,9,1,fall,56733.94663043478,0.15612718828152913,0.0
6,3,sep,tue,90.3,80.7,730.2,6.3,0.5144694533762058,0.5529411764705883,0.45555555555555555,0.0,0.0,9,2,fall,84462.23400000001,0.2343694176491604,0.0
6,3,oct,tue,90.6,35.4,669.1,6.7,0.627009646302251,0.10588235294117648,0.45555555555555555,0.0,0.0,10,2,fall,32029.31767164179,0.2856377277599143,0.0
7,4,oct,fri,90.0,41.5,682.6,8.7,0.2926045016077171,0.5294117647058822,0.5555555555555556,0.0,0.0,10,5,fall,29304.724137931036,0.16255805644873172,0.0
7,3,oct,sat,90.6,43.7,686.9,6.7,0.5016077170418007,0.1411764705882353,0.39999999999999997,0.0,0.0,10,6,fall,40590.868925373135,0.20064308681672027,0.0
4,4,mar,tue,88.1,25.7,67.6,3.8,0.3826366559485531,0.32941176470588235,0.25555555555555554,0.0,0.0,3,2,spring,4027.8392631578936,0.09778492318685246,0.0
4,4,jul,tue,79.5,60.6,366.7,1.5,0.6784565916398715,0.25882352941176473,0.3,0.0,0.0,7,2,summer,117776.70599999999,0.20353697749196145,0.0
4,4,aug,sat,90.2,96.9,624.2,8.9,0.5209003215434085,0.31764705882352945,0.7000000000000001,0.0,0.0,8,6,summer,61300.50782022473,0.36463022508038595,0.0
4,4,aug,tue,94.8,108.3,647.1,17.0,0.4630225080385853,0.4588235294117647,0.5555555555555556,0.0,0.0,8,2,summer,39080.424494117644,0.25723472668810293,0.0
4,4,sep,sat,92.5,88.0,698.6,7.1,0.559485530546624,0.38823529411764707,0.25555555555555554,0.0,0.0,9,6,fall,80093.01408450704,0.14297963558413723,0.0
4,4,sep,wed,90.1,82.9,735.7,6.2,0.3440514469453377,0.6941176470588235,0.5000000000000001,0.0,0.0,9,3,fall,88631.55891935484,0.17202572347266887,0.0
5,6,sep,wed,94.3,85.1,692.3,15.9,0.762057877813505,0.10588235294117648,0.39999999999999997,0.0,0.0,9,3,fall,34941.25181761006,0.304823151125402,0.0
5,6,sep,mon,90.9,126.5,686.5,7.0,0.4019292604501608,0.6470588235294117,0.3555555555555555,0.0,0.0,9,1,fall,112770.86464285715,0.1429081814933905,0.0
6,6,jul,mon,94.2,62.3,442.9,11.0,0.6688102893890677,0.24705882352941178,0.3,0.0,0.0,7,1,summer,23629.359218181817,0.2006430868167203,0.0
4,4,mar,mon,87.2,23.9,64.7,4.1,0.30868167202572355,0.23529411764705882,0.15555555555555553,0.0,0.0,3,1,spring,3288.779902439024,0.04801714898177921,0.0
4,4,mar,mon,87.6,52.2,103.8,5.0,0.28295819935691324,0.36470588235294116,0.6,0.0,0.0,3,1,spring,9492.96672,0.16977491961414795,0.0
4,4,sep,thu,92.9,137.0,706.4,9.2,0.5980707395498392,0.02352941176470591,0.09999999999999998,0.0,0.0,9,4,fall,97723.5295652174,0.059807073954983914,0.0
4,3,aug,sun,90.2,99.6,631.2,6.3,0.6205787781350482,0.22352941176470592,0.2,0.0,0.0,8,7,summer,90010.3222857143,0.12411575562700966,0.0
4,3,aug,wed,92.1,111.2,654.1,9.6,0.5852090032154342,0.31764705882352945,0.5000000000000001,0.0,0.0,8,3,summer,69781.02325000001,0.29260450160771717,0.0
4,3,aug,thu,91.7,114.3,661.3,6.3,0.4951768488745982,0.35294117647058826,0.3555555555555555,0.0,0.0,8,4,summer,110020.48099999999,0.17606287959985711,0.0
4,3,sep,thu,92.9,137.0,706.4,9.2,0.819935691318328,0.10588235294117648,0.2,0.0,0.0,9,4,fall,97723.5295652174,0.16398713826366562,0.0
4,3,sep,tue,90.3,80.7,730.2,6.3,0.5016077170418007,0.5647058823529412,0.5000000000000001,0.0,0.0,9,2,fall,84462.23400000001,0.2508038585209004,0.0
4,3,oct,sun,92.6,46.5,691.8,8.8,0.37299035369774924,0.411764705882353,0.25555555555555554,0.0,0.0,10,7,fall,33850.245681818174,0.09531975705609147,0.0
2,2,feb,mon,84.0,9.3,34.0,2.1,0.37620578778135055,0.29411764705882354,0.5555555555555556,0.0,0.0,2,1,winter,1264.8000000000002,0.20900321543408365,0.0
2,2,feb,fri,86.6,13.2,43.0,5.3,0.32475884244373,0.4235294117647059,0.055555555555555546,0.0,0.0,2,5,winter,927.4369811320754,0.018042157913540552,0.0
2,2,mar,sun,89.3,51.3,102.2,9.6,0.2990353697749197,0.2823529411764706,0.6,0.0,0.0,3,7,spring,4876.9520625,0.1794212218649518,0.0
2,2,mar,sun,89.3,51.3,102.2,9.6,0.10610932475884247,0.5176470588235293,0.6555555555555556,0.0,0.0,3,7,spring,4876.9520625,0.06956055734190784,0.0
2,2,aug,thu,93.0,75.3,466.6,7.7,0.5337620578778135,0.23529411764705882,0.5000000000000001,0.0,0.0,8,4,summer,42435.75506493507,0.2668810289389068,0.0
2,2,aug,sun,90.2,99.6,631.2,6.3,0.5980707395498392,0.21176470588235297,0.25555555555555554,0.0,0.0,8,7,summer,90010.3222857143,0.15284030010718114,0.0
2,2,aug,mon,91.1,103.2,638.8,5.8,0.672025723472669,0.18823529411764706,0.3,0.0,0.0,8,1,summer,103546.39613793103,0.2016077170418007,0.0
2,2,aug,thu,91.7,114.3,661.3,6.3,0.527331189710611,0.34117647058823525,0.45555555555555555,0.0,0.0,8,4,summer,110020.48099999999,0.24022865309038946,0.0
2,2,sep,fri,92.4,117.9,668.0,12.2,0.6688102893890677,0.25882352941176473,0.45555555555555555,0.0,0.0,9,5,fall,59648.89573770492,0.3046802429439086,0.0
2,2,sep,fri,92.4,117.9,668.0,12.2,0.559485530546624,0.21176470588235297,0.5555555555555556,0.0,0.0,9,5,fall,59648.89573770492,0.3108252947481244,0.0
2,2,sep,fri,92.4,117.9,668.0,12.2,0.559485530546624,0.21176470588235297,0.6555555555555556,0.0,0.0,9,5,fall,59648.89573770492,0.3667738478027868,0.0
4,5,mar,fri,91.7,33.3,77.5,9.0,0.48231511254019294,0.1294117647058824,0.45555555555555555,0.0,0.0,3,5,spring,2629.4974999999995,0.21972132904608788,0.0
4,5,mar,fri,91.2,48.3,97.8,12.5,0.43729903536977505,0.1411764705882353,0.7999999999999999,0.0,0.0,3,5,spring,3446.440704,0.34983922829582,0.0
4,5,sep,fri,94.3,85.1,692.3,15.9,0.49839228295819943,0.25882352941176473,0.3555555555555555,0.0,0.0,9,5,fall,34941.25181761006,0.1772061450518042,0.0
5,4,mar,fri,91.7,33.3,77.5,9.0,0.4308681672025724,0.11764705882352944,0.6555555555555556,0.0,0.0,3,5,spring,2629.4974999999995,0.28245802072168635,0.0
5,4,aug,tue,88.8,147.3,614.5,9.0,0.4855305466237943,0.32941176470588235,0.45555555555555555,0.0,0.0,8,2,summer,89308.972,0.22118613790639519,0.0
5,4,sep,fri,93.3,141.2,713.9,13.9,0.8167202572347267,0.1764705882352941,0.09999999999999998,0.0,0.0,9,5,fall,67661.07945323741,0.08167202572347265,0.0
9,9,feb,thu,84.2,6.8,26.6,7.7,0.1446945337620579,0.7529411764705882,0.3,0.0,0.0,2,4,winter,197.79345454545458,0.04340836012861737,0.0
9,9,feb,fri,86.6,13.2,43.0,5.3,0.4340836012861737,0.32941176470588235,0.3,0.0,0.0,2,5,winter,927.4369811320754,0.1302250803858521,0.0
1,3,mar,mon,87.6,52.2,103.8,5.0,0.1961414790996785,0.6705882352941177,0.3,0.0,0.0,3,1,spring,9492.96672,0.05884244372990355,0.0
1,2,aug,fri,90.1,108.0,529.8,12.5,0.4019292604501608,0.6000000000000001,0.25555555555555554,0.0,0.0,8,5,summer,41243.02271999999,0.10271525544837443,0.0
1,2,aug,tue,91.0,121.2,561.6,7.0,0.6237942122186497,0.047058823529411764,0.7000000000000001,0.0,0.0,8,2,summer,88485.69600000001,0.43665594855305484,0.0
1,2,aug,sun,91.4,142.4,601.4,10.6,0.5562700964630225,0.2823529411764706,0.6555555555555556,0.0,0.0,8,7,summer,73843.75003773585,0.3646659521257592,0.0
1,2,aug,sun,90.2,99.6,631.2,6.3,0.504823151125402,0.34117647058823525,0.2,0.0,0.0,8,7,summer,90010.3222857143,0.1009646302250804,0.0
1,2,aug,tue,94.8,108.3,647.1,17.0,0.527331189710611,0.4235294117647059,0.45555555555555555,0.0,0.0,8,2,summer,39080.424494117644,0.24022865309038946,0.0
1,2,aug,wed,92.1,111.2,654.1,9.6,0.4630225080385853,0.37647058823529417,0.055555555555555546,0.0,0.0,8,3,summer,69781.02325000001,0.02572347266881029,0.0
1,2,aug,thu,91.7,114.3,661.3,6.3,0.5787781350482315,0.35294117647058826,0.3555555555555555,0.0,0.0,8,4,summer,110020.48099999999,0.20578778135048229,0.0
1,2,sep,thu,92.9,137.0,706.4,9.2,0.6205787781350482,0.0,0.055555555555555546,0.0,0.0,9,4,fall,97723.5295652174,0.03447659878528045,0.0
1,2,sep,thu,92.9,137.0,706.4,9.2,0.7459807073954985,0.1411764705882353,0.2,0.0,0.0,9,4,fall,97723.5295652174,0.1491961414790997,0.0
1,2,sep,thu,92.9,137.0,706.4,9.2,0.6495176848874598,0.22352941176470592,0.2,0.0,0.0,9,4,fall,97723.5295652174,0.12990353697749196,0.0
1,2,sep,sun,93.5,149.3,728.6,8.1,0.7427652733118972,0.24705882352941178,0.3555555555555555,0.0,0.0,9,7,fall,125567.0139506173,0.26409431939978567,0.0
6,5,mar,sat,91.7,35.8,80.8,7.8,0.48874598070739556,0.11764705882352944,0.5000000000000001,0.0,0.0,3,6,spring,3400.706256410256,0.24437299035369783,0.0
6,5,aug,sat,90.2,96.9,624.2,8.9,0.4019292604501608,0.5176470588235293,0.6,0.0,0.0,8,6,summer,61300.50782022473,0.24115755627009647,0.0
8,6,mar,fri,91.7,35.8,80.8,7.8,0.48874598070739556,0.10588235294117648,0.5555555555555556,0.0,0.0,3,5,spring,3400.706256410256,0.271525544837442,0.0
8,6,aug,sun,92.3,85.3,488.0,14.7,0.5980707395498392,0.2,0.6555555555555556,0.0,0.0,8,7,summer,26136.848435374148,0.39206859592711685,0.0
8,6,aug,sun,91.4,142.4,601.4,10.6,0.5144694533762058,0.32941176470588235,0.5000000000000001,0.0,0.0,8,7,summer,73843.75003773585,0.25723472668810293,0.0
8,6,aug,mon,91.1,103.2,638.8,5.8,0.6816720257234727,0.08235294117647057,0.25555555555555554,0.0,0.0,8,1,summer,103546.39613793103,0.17420507324044301,0.0
4,4,sep,sun,89.7,90.0,704.4,4.8,0.5016077170418007,0.5764705882352941,0.09999999999999998,0.0,0.0,9,7,fall,118471.27500000001,0.05016077170418006,0.0
3,4,feb,sat,83.9,8.0,30.2,2.6,0.33762057877813506,0.38823529411764707,0.15555555555555553,0.0,0.0,2,6,winter,779.6246153846155,0.052518756698821,0.0
3,4,mar,sat,69.0,2.4,15.5,0.7,0.48874598070739556,0.10588235294117648,0.5555555555555556,0.0,0.0,3,6,spring,366.68571428571425,0.271525544837442,0.0
3,4,aug,sun,91.4,142.4,601.4,10.6,0.30225080385852093,0.8470588235294116,0.45555555555555555,0.0,0.0,8,7,summer,73843.75003773585,0.13769203286888176,0.0
3,4,aug,sun,91.4,142.4,601.4,10.6,0.5659163987138265,0.2823529411764706,0.5555555555555556,0.0,0.0,8,7,summer,73843.75003773585,0.3143979992854592,0.0
3,4,aug,tue,88.8,147.3,614.5,9.0,0.392282958199357,0.6000000000000001,0.5555555555555556,0.0,0.0,8,2,summer,89308.972,0.21793497677742055,0.0
2,4,aug,tue,94.8,108.3,647.1,17.0,0.5755627009646302,0.29411764705882354,0.39999999999999997,0.0,0.0,8,2,summer,39080.424494117644,0.23022508038585207,0.0
2,4,sep,sat,92.5,121.1,674.4,8.6,0.7041800643086817,0.1647058823529412,0.45555555555555555,0.0,0.0,9,6,fall,87842.56046511629,0.32079314040728835,0.0
2,4,jan,sat,82.1,3.7,9.3,2.9,0.09967845659163987,0.7411764705882353,0.3,0.0,0.0,1,6,winter,97.41589655172415,0.02990353697749196,0.0
4,5,mar,fri,85.9,19.5,57.3,2.8,0.33762057877813506,0.4352941176470589,0.6555555555555556,0.0,0.0,3,5,spring,3427.870178571429,0.22132904608788853,0.0
4,5,mar,thu,91.4,30.7,74.3,7.5,0.5144694533762058,0.1647058823529412,0.3,0.0,0.0,3,4,spring,2779.790853333333,0.15434083601286172,0.0
4,5,aug,sun,90.2,99.6,631.2,6.3,0.617363344051447,0.21176470588235297,0.3,0.0,0.0,8,7,summer,90010.3222857143,0.1852090032154341,0.0
4,5,sep,sat,92.5,88.0,698.6,7.1,0.581993569131833,0.35294117647058826,0.3,0.0,0.0,9,6,fall,80093.01408450704,0.1745980707395499,0.0
4,5,sep,mon,88.6,91.8,709.9,7.1,0.48874598070739556,0.4823529411764706,0.5555555555555556,0.0,0.0,9,1,fall,81323.34439436618,0.271525544837442,0.0
4,4,mar,fri,85.9,19.5,57.3,2.8,0.36977491961414793,0.32941176470588235,0.6,0.0,0.0,3,5,spring,3427.870178571429,0.22186495176848875,0.0
3,4,mar,fri,91.7,33.3,77.5,9.0,0.5337620578778135,0.03529411764705884,0.45555555555555555,0.0,0.0,3,5,spring,2629.4974999999995,0.2431582708110039,0.0
3,4,sep,sun,89.7,90.0,704.4,4.8,0.662379421221865,0.2823529411764706,0.3555555555555555,0.0,0.0,9,7,fall,118471.27500000001,0.23551268310110754,0.0
3,4,sep,mon,91.8,78.5,724.3,9.2,0.5369774919614148,0.23529411764705882,0.25555555555555554,0.0,0.0,9,1,fall,56733.94663043478,0.1372275812790282,0.0
3,4,mar,tue,88.1,25.7,67.6,3.8,0.43729903536977505,0.1411764705882353,0.7999999999999999,0.0,0.0,3,2,spring,4027.8392631578936,0.34983922829582,0.0
3,5,mar,tue,88.1,25.7,67.6,3.8,0.4276527331189711,0.1411764705882353,0.6555555555555556,0.0,0.0,3,2,spring,4027.8392631578936,0.28035012504465884,0.0
3,4,mar,sat,91.7,35.8,80.8,7.8,0.30225080385852093,0.1764705882352941,0.6555555555555556,0.0,0.0,3,6,spring,3400.706256410256,0.19814219364058594,0.0
3,4,mar,sat,91.7,35.8,80.8,7.8,0.41800643086816724,0.1411764705882353,0.5000000000000001,0.0,0.0,3,6,spring,3400.706256410256,0.20900321543408368,0.0
3,4,mar,mon,90.1,39.7,86.6,6.2,0.27009646302250806,0.1764705882352941,0.39999999999999997,0.0,0.0,3,1,spring,4996.219387096774,0.10803858520900321,0.0
3,4,aug,thu,93.0,75.3,466.6,7.7,0.559485530546624,0.24705882352941178,0.3,0.0,0.0,8,4,summer,42435.75506493507,0.1678456591639872,0.0
3,4,aug,mon,91.5,145.4,608.2,10.7,0.26045016077170424,0.6941176470588235,0.2,0.0,0.0,8,1,summer,75621.99644859815,0.052090032154340854,0.0
3,4,aug,mon,91.5,145.4,608.2,10.7,0.4790996784565918,0.32941176470588235,0.5555555555555556,0.0,0.0,8,1,summer,75621.99644859815,0.2661664880314399,0.0
3,4,sep,sun,92.4,124.1,680.7,8.5,0.6527331189710612,0.31764705882352945,0.5555555555555556,0.0,0.0,9,7,fall,91829.15280000001,0.3626295105394785,0.0
3,4,sep,tue,84.4,73.4,671.9,3.2,0.504823151125402,0.35294117647058826,0.3,0.0,0.0,9,2,fall,130074.80075000001,0.1514469453376206,0.0
3,4,sep,fri,94.3,85.1,692.3,15.9,0.5659163987138265,0.411764705882353,0.5555555555555556,0.0,0.0,9,5,fall,34941.25181761006,0.3143979992854592,0.0
3,4,oct,sun,92.6,46.5,691.8,8.8,0.5916398713826367,0.10588235294117648,0.5555555555555556,0.0,0.0,10,7,fall,33850.245681818174,0.3286888174347982,0.0
3,5,mar,mon,87.6,52.2,103.8,5.0,0.2186495176848875,0.39999999999999997,0.2,0.0,0.0,3,1,spring,9492.96672,0.043729903536977505,0.0
3,5,sep,fri,93.5,149.3,728.6,8.1,0.48231511254019294,0.32941176470588235,0.3,0.0,0.0,9,5,fall,125567.0139506173,0.14469453376205788,0.0
3,5,oct,wed,91.4,37.9,673.8,5.2,0.4405144694533763,0.36470588235294116,0.3555555555555555,0.0,0.0,10,3,fall,44886.22361538462,0.156627366916756,0.0
2,5,oct,sun,92.6,46.5,691.8,8.8,0.42443729903536986,0.23529411764705882,0.055555555555555546,0.0,0.0,10,7,fall,33850.245681818174,0.023579849946409433,0.0
4,6,feb,sat,68.2,21.5,87.2,0.8,0.42443729903536986,0.29411764705882354,0.25555555555555554,0.0,0.0,2,6,winter,15982.67,0.1084673097534834,0.0
4,6,mar,mon,87.2,23.9,64.7,4.1,0.3794212218649518,0.2823529411764706,0.3,0.0,0.0,3,1,spring,3288.779902439024,0.11382636655948554,0.0
4,6,mar,sun,89.3,51.3,102.2,9.6,0.27009646302250806,0.36470588235294116,0.5000000000000001,0.0,0.0,3,7,spring,4876.9520625,0.13504823151125406,0.0
4,6,sep,thu,93.7,80.9,685.2,17.9,0.4951768488745982,0.31764705882352945,0.3,0.0,0.0,9,4,fall,29016.995061452522,0.14855305466237945,0.0
3,5,mar,tue,88.1,25.7,67.6,3.8,0.4083601286173634,0.27058823529411763,0.25555555555555554,0.0,0.0,3,2,spring,4027.8392631578936,0.10435869953554842,0.0
3,5,aug,sat,93.5,139.4,594.2,20.3,0.4951768488745982,0.4352941176470589,0.6,0.0,0.0,8,6,summer,38151.44522167488,0.2971061093247589,0.0
3,6,sep,sun,92.4,124.1,680.7,8.5,0.48231511254019294,0.5058823529411764,0.09999999999999998,0.0,0.0,9,7,fall,91829.15280000001,0.04823151125401928,0.0
3,6,sep,mon,90.9,126.5,686.5,7.0,0.4308681672025724,0.6000000000000001,0.3,0.0,0.0,9,1,fall,112770.86464285715,0.12926045016077173,0.0
9,9,jul,tue,85.8,48.3,313.4,3.9,0.5080385852090032,0.31764705882352945,0.25555555555555554,0.0,0.00036670333700036676,7,2,summer,33301.884,0.12983208288674528,0.0003666361177641113
1,4,sep,tue,91.0,129.5,692.6,7.0,0.627009646302251,0.27058823529411763,0.2,0.0,0.00036670333700036676,9,2,fall,116599.21,0.1254019292604502,0.0003666361177641113
2,5,sep,mon,90.9,126.5,686.5,7.0,0.6334405144694535,0.2823529411764706,0.15555555555555553,0.0,0.0004583791712504584,9,1,fall,112770.86464285715,0.09853519113969275,0.00045827414761068924
1,2,aug,wed,95.5,99.9,513.3,13.2,0.6784565916398715,0.18823529411764706,0.45555555555555555,0.0,0.00055005500550055,8,3,summer,37099.34079545455,0.3090746695248303,0.0005499037806982096
8,6,aug,fri,90.1,108.0,529.8,12.5,0.6109324758842445,0.4235294117647059,0.9444444444444445,0.0,0.00055005500550055,8,5,summer,41243.02271999999,0.5769917827795643,0.0005499037806982096
1,2,jul,sat,90.0,51.3,296.3,8.7,0.4630225080385853,0.4470588235294118,0.5555555555555556,0.0,0.0006417308397506417,7,6,summer,15724.334482758622,0.25723472668810293,0.0006415250185650934
2,5,aug,wed,95.5,99.9,513.3,13.2,0.694533762057878,0.2,0.5555555555555556,0.0,0.0007334066740007335,8,3,summer,37099.34079545455,0.3858520900321544,0.0007331378627500045
6,5,aug,thu,95.2,131.7,578.8,10.4,0.8102893890675242,0.08235294117647057,0.39999999999999997,0.0,0.0008250825082508251,8,4,summer,69777.90184615384,0.32411575562700967,0.0008247423147902964
5,4,mar,mon,90.1,39.7,86.6,6.2,0.3536977491961415,0.29411764705882354,0.5555555555555556,0.0,0.0009167583425009168,3,1,spring,4996.219387096774,0.19649874955341196,0.0009163383762237876
8,3,sep,tue,84.4,73.4,671.9,3.2,0.707395498392283,0.15294117647058825,0.3555555555555555,0.0,0.0009167583425009168,9,2,fall,130074.80075000001,0.25151839942836723,0.0009163383762237876
2,2,aug,tue,94.8,108.3,647.1,17.0,0.48874598070739556,0.32941176470588235,0.7000000000000001,0.0,0.0010084341767510085,8,2,summer,39080.424494117644,0.3421221864951769,0.0010079260485872088
8,6,sep,thu,93.7,80.9,685.2,17.9,0.6913183279742765,0.11764705882352944,0.45555555555555555,0.0,0.0010084341767510085,9,4,fall,29016.995061452522,0.3149339049660593,0.0010079260485872088
6,5,jun,fri,92.5,56.4,433.3,7.1,0.6752411575562702,0.2823529411764706,0.5555555555555556,0.0,0.0011001100110011,6,5,summer,31838.395774647888,0.3751339764201502,0.0010995053334168679
9,9,jul,sun,90.1,68.6,355.2,7.2,0.7266881028938907,0.1647058823529412,0.2,0.0,0.0012834616795012834,7,7,summer,30492.24266666666,0.14533762057877816,0.0012826387466197975
3,4,jul,sat,90.1,51.2,424.1,6.2,0.7202572347266882,0.32941176470588235,0.15555555555555553,0.0,0.0012834616795012834,7,6,summer,31555.22890322581,0.11204001429081815,0.0012826387466197975
5,4,sep,fri,94.3,85.1,692.3,15.9,0.5755627009646302,0.37647058823529417,0.5000000000000001,0.0,0.0013751375137513752,9,5,fall,34941.25181761006,0.2877813504823152,0.0013741928780640182
1,5,sep,sat,93.4,145.4,721.4,8.1,0.8810289389067525,0.1411764705882353,0.25555555555555554,0.0,0.0013751375137513752,9,6,fall,120949.03338271605,0.22515183994283672,0.0013741928780640182
7,4,aug,sun,94.8,108.3,647.1,17.0,0.4565916398713827,0.37647058823529417,0.09999999999999998,0.0,0.001466813348001467,8,7,summer,39080.424494117644,0.045659163987138256,0.0014657386281163778
2,4,sep,sat,93.4,145.4,721.4,8.1,0.8488745980707397,0.1411764705882353,0.2,0.0,0.001466813348001467,9,6,fall,120949.03338271605,0.16977491961414795,0.0014657386281163778
2,2,aug,wed,92.1,111.2,654.1,9.6,0.5209003215434085,0.35294117647058826,0.3555555555555555,0.0,0.001466813348001467,8,3,summer,69781.02325000001,0.1852090032154341,0.0014657386281163778
2,4,aug,wed,92.1,111.2,654.1,9.6,0.5884244372990355,0.23529411764705882,0.39999999999999997,0.0,0.001466813348001467,8,3,summer,69781.02325000001,0.23536977491961417,0.0014657386281163778
7,4,sep,fri,92.4,117.9,668.0,12.2,0.5401929260450162,0.22352941176470592,0.6,0.0,0.0015584891822515584,9,5,fall,59648.89573770492,0.3241157556270097,0.0015572759983117411
7,4,mar,mon,90.1,39.7,86.6,6.2,0.4469453376205789,0.1647058823529412,0.3,0.0,0.0016501650165016502,3,1,spring,4996.219387096774,0.13408360128617366,0.0016488049901838859
6,4,aug,thu,95.2,131.7,578.8,10.4,0.581993569131833,0.3058823529411765,0.39999999999999997,0.0,0.0017418408507517418,8,4,summer,69777.90184615384,0.23279742765273317,0.001740325605266169
6,3,mar,sat,90.6,50.1,100.4,7.8,0.41800643086816724,0.18823529411764706,0.9,0.0,0.0017418408507517418,3,6,spring,5842.584923076923,0.37620578778135055,0.001740325605266169
8,6,sep,sat,92.5,121.1,674.4,8.6,0.5016077170418007,0.4823529411764706,0.15555555555555553,0.0,0.0018335166850018336,9,6,fall,87842.56046511629,0.07802786709539121,0.0018318378450921915
8,5,sep,sun,89.7,90.0,704.4,4.8,0.5016077170418007,0.611764705882353,0.2,0.0,0.0018335166850018336,9,7,fall,118471.27500000001,0.10032154340836015,0.0018318378450921915
6,5,mar,thu,84.9,18.2,55.0,3.0,0.09967845659163987,0.6470588235294117,0.45555555555555555,0.0,0.0019251925192519254,3,4,spring,2832.8300000000004,0.04540907466952483,0.001923341711194247
6,5,aug,wed,92.1,111.2,654.1,9.6,0.4630225080385853,0.37647058823529417,0.055555555555555546,0.0,0.0021085441877521085,8,3,summer,69781.02325000001,0.02572347266881029,0.0021063243283564077
6,5,aug,wed,96.0,127.1,570.5,16.5,0.6816720257234727,0.21176470588235297,0.45555555555555555,0.0,0.002291895856252292,8,3,summer,42187.95636363636,0.31053947838513757,0.0022892734690056894
6,5,mar,fri,91.2,48.3,97.8,12.5,0.39871382636655955,0.1294117647058824,1.0,0.0,0.002291895856252292,3,5,spring,3446.440704,0.39871382636655955,0.0022892734690056894
8,6,aug,thu,95.2,131.7,578.8,10.4,0.594855305466238,0.35294117647058826,0.2,0.0,0.0023835716905023837,8,4,summer,69777.90184615384,0.11897106109324761,0.0023807354894653477
5,4,sep,wed,92.9,133.3,699.6,9.2,0.6334405144694535,0.23529411764705882,0.15555555555555553,0.0,0.0023835716905023837,9,3,fall,94168.97360869565,0.09853519113969275,0.0023807354894653477
8,6,aug,wed,85.6,90.4,609.6,6.6,0.48874598070739556,0.411764705882353,0.39999999999999997,0.0,0.0024752475247524753,8,3,summer,71473.19854545455,0.1954983922829582,0.002472189145389073
7,4,aug,sun,91.4,142.4,601.4,10.6,0.5755627009646302,0.2823529411764706,0.5555555555555556,0.0,0.0024752475247524753,8,7,summer,73843.75003773585,0.31975705609146127,0.002472189145389073
4,4,sep,mon,90.9,126.5,686.5,7.0,0.49839228295819943,0.2823529411764706,0.2,0.0,0.002841950861752842,9,1,fall,112770.86464285715,0.09967845659163989,0.002837920154311583
1,4,aug,sat,90.2,96.9,624.2,8.9,0.38585209003215437,0.4470588235294118,0.15555555555555553,0.0,0.003208654198753209,8,6,summer,61300.50782022473,0.060021436227224,0.0032035174529639297
1,4,aug,sat,90.2,96.9,624.2,8.9,0.581993569131833,0.2823529411764706,0.5000000000000001,0.0,0.004125412541254126,8,6,summer,61300.50782022473,0.29099678456591654,0.004116926358267489
6,5,apr,thu,81.5,9.1,55.2,2.7,0.11575562700964631,0.4588235294117647,0.6,0.0,0.004217088375504217,4,4,spring,1516.2622222222224,0.06945337620578779,0.004208221378187435
2,5,aug,sun,90.2,99.6,631.2,6.3,0.5466237942122187,0.34117647058823525,0.25555555555555554,0.0,0.004308764209754309,8,7,summer,90010.3222857143,0.13969274740978924,0.004299508064087789
2,5,sep,wed,90.1,82.9,735.7,6.2,0.5176848874598072,0.35294117647058826,0.2,0.0,0.004492115878254492,9,3,fall,88631.55891935484,0.10353697749196145,0.004482056439914143
8,6,aug,tue,88.8,147.3,614.5,9.0,0.392282958199357,0.6000000000000001,0.5555555555555556,0.0,0.004767143381004767,8,2,summer,89308.972,0.21793497677742055,0.004755816536527429
1,3,sep,sun,92.4,124.1,680.7,8.5,0.6977491961414792,0.2,0.7000000000000001,0.0,0.0048588192152548585,9,7,fall,91829.15280000001,0.4884244372990355,0.004847053250244161
8,6,oct,mon,84.9,32.8,664.2,3.0,0.5434083601286175,0.2,0.39999999999999997,0.0,0.0049504950495049506,10,1,fall,61653.7008,0.21736334405144697,0.004938281640582577
5,4,feb,sun,86.8,15.6,48.3,3.9,0.32797427652733124,0.4470588235294118,0.2,0.0,0.005867253392005868,2,7,winter,1676.9759999999999,0.06559485530546626,0.005850108092014728
7,4,oct,mon,91.7,48.5,696.1,11.1,0.4694533762057879,0.35294117647058826,0.45555555555555555,0.0,0.0062339567290062336,10,1,fall,27890.720225225225,0.21386209360485894,0.006214606000187258
8,6,aug,fri,93.9,135.7,586.7,15.1,0.5980707395498392,0.22352941176470592,0.5000000000000001,0.0,0.006417308397506418,8,5,summer,49509.04861589404,0.2990353697749197,0.0063968051443552745
2,5,sep,tue,91.0,129.5,692.6,7.0,0.4951768488745982,0.36470588235294116,0.3,0.0,0.006417308397506418,9,2,fall,116599.21,0.14855305466237945,0.0063968051443552745
8,6,mar,sun,89.3,51.3,102.2,9.6,0.2990353697749197,0.2823529411764706,0.6,0.0,0.006600660066006601,3,7,spring,4876.9520625,0.1794212218649518,0.0065789710980425605
1,5,sep,mon,90.9,126.5,686.5,7.0,0.604501607717042,0.31764705882352945,0.2,0.0,0.006692335900256693,9,1,fall,112770.86464285715,0.1209003215434084,0.006670041632234057
6,4,mar,sat,90.8,41.9,89.4,7.9,0.35691318327974286,0.31764705882352945,0.055555555555555546,0.0,0.006784011734506785,3,6,spring,4305.368202531646,0.019828510182207933,0.006761103873338825
7,4,mar,sun,90.7,44.0,92.4,5.5,0.2990353697749197,0.5294117647058822,0.39999999999999997,0.0,0.0075174184085075165,3,7,spring,6704.544000000001,0.11961414790996786,0.007489303432187999
6,5,mar,fri,91.2,48.3,97.8,12.5,0.3054662379421222,0.21176470588235297,0.39999999999999997,0.0,0.00760909424275761,3,5,spring,3446.440704,0.12218649517684886,0.007580291103421197
2,5,aug,thu,95.2,131.7,578.8,10.4,0.707395498392283,0.15294117647058825,0.25555555555555554,0.0,0.007975797579757976,8,4,summer,69777.90184615384,0.18077884958913898,0.007944159023382519
2,2,aug,tue,94.8,108.3,647.1,17.0,0.7202572347266882,0.08235294117647057,0.45555555555555555,0.0,0.007975797579757976,8,2,summer,39080.424494117644,0.3281171847088246,0.007944159023382519
4,5,sep,wed,92.9,133.3,699.6,9.2,0.7106109324758845,0.11764705882352944,0.39999999999999997,0.0,0.008617528419508618,9,3,fall,94168.97360869565,0.28424437299035377,0.00858060946992432
2,2,aug,tue,94.8,108.3,647.1,17.0,0.7202572347266882,0.08235294117647057,0.45555555555555555,0.0,0.009167583425009168,8,2,summer,39080.424494117644,0.3281171847088246,0.009125816207645706
2,5,aug,fri,93.9,135.7,586.7,15.1,0.684887459807074,0.24705882352941178,0.5555555555555556,0.0,0.009167583425009168,8,5,summer,49509.04861589404,0.38049303322615224,0.009125816207645706
6,5,apr,thu,81.5,9.1,55.2,2.7,0.11575562700964631,0.4588235294117647,0.6,0.0,0.009992665933259993,4,4,spring,1516.2622222222224,0.06945337620578779,0.00994306937458588
4,5,sep,thu,92.9,137.0,706.4,9.2,0.6205787781350482,0.0,0.055555555555555546,0.0,0.010176017601760175,9,4,fall,97723.5295652174,0.03447659878528045,0.010124590522297916
3,4,sep,tue,91.0,129.5,692.6,7.0,0.37620578778135055,0.5176470588235293,0.6555555555555556,0.0,0.010267693436010267,9,2,fall,116599.21,0.2466237942122187,0.010215338741426265
2,4,sep,mon,63.5,70.8,665.3,0.8,0.6559485530546625,0.27058823529411763,0.3555555555555555,0.0,0.01035936927026036,9,1,fall,373881.96749999997,0.2332261521972133,0.010306078726062817
1,5,sep,tue,91.0,129.5,692.6,7.0,0.6237942122186497,0.21176470588235297,0.2,0.0,0.010542720938760543,9,2,fall,116599.21,0.12475884244372995,0.010487533997836291
6,5,mar,sun,90.1,37.6,83.7,7.2,0.32797427652733124,0.4588235294117647,0.3555555555555555,0.0,0.011092775944261092,3,7,spring,3938.2709999999997,0.11661307609860665,0.01103170234066784
7,4,feb,sun,83.9,8.7,32.1,2.1,0.21221864951768493,0.6235294117647059,0.2,0.0,0.011917858452511918,2,7,winter,1115.750142857143,0.04244372990353699,0.01184740003396745
8,6,oct,wed,91.4,37.9,673.8,5.2,0.5787781350482315,0.25882352941176473,0.25555555555555554,0.0,0.012559589292262559,10,3,fall,44886.22361538462,0.14790996784565916,0.012481371888738374
5,6,mar,sat,90.6,50.1,100.4,7.8,0.414790996784566,0.5764705882352941,0.39999999999999997,0.0,0.012834616795012835,3,6,spring,5842.584923076923,0.16591639871382638,0.012752951123648923
4,5,sep,thu,92.9,137.0,706.4,9.2,0.639871382636656,0.22352941176470592,0.15555555555555553,0.0,0.013384671800513386,9,4,fall,97723.5295652174,0.09953554841014647,0.013295888427729016
2,2,aug,sat,93.5,139.4,594.2,20.3,0.6655948553054662,0.18823529411764706,0.7555555555555555,0.0,0.014118078474514118,8,6,summer,38151.44522167488,0.5028938906752412,0.01401934658914414
7,5,sep,tue,91.0,129.5,692.6,7.0,0.594855305466238,0.25882352941176473,0.2,0.0,0.015768243491015767,9,2,fall,116599.21,0.11897106109324761,0.01564521633579569
6,5,sep,fri,92.4,117.9,668.0,12.2,0.559485530546624,0.21176470588235297,0.6555555555555556,0.0,0.0176017601760176,9,5,fall,59648.89573770492,0.3667738478027868,0.017448643334946425
8,3,sep,thu,93.7,80.9,685.2,17.9,0.6752411575562702,0.1294117647058824,0.5000000000000001,0.0,0.02145214521452145,9,4,fall,29016.995061452522,0.33762057877813517,0.02122528661528174
4,4,oct,sat,90.6,43.7,686.9,6.7,0.5209003215434085,0.11764705882352944,0.3,0.0,0.022185551888522184,10,6,fall,40590.868925373135,0.15627009646302253,0.021943032922785603
7,4,aug,sat,93.5,139.4,594.2,20.3,0.09324758842443731,0.9529411764705882,0.6,0.0,0.023835716905023837,8,6,summer,38151.44522167488,0.055948553054662384,0.023556081036674573
7,4,sep,fri,94.3,85.1,692.3,15.9,0.5755627009646302,0.37647058823529417,0.5000000000000001,0.0,0.02392739273927393,9,5,fall,34941.25181761006,0.2877813504823152,0.02364561857534754
7,3,mar,mon,87.6,52.2,103.8,5.0,0.28295819935691324,0.36470588235294116,0.6,0.0,0.025119178584525118,3,1,spring,9492.96672,0.16977491961414795,0.024808877621111416
4,4,mar,sat,91.7,35.8,80.8,7.8,0.47588424437299043,0.1411764705882353,0.5000000000000001,0.0,0.02631096442977631,3,6,spring,3400.706256410256,0.23794212218649527,0.025970785067376063
4,4,sep,sun,92.4,124.1,680.7,8.5,0.47266881028938906,0.5294117647058822,0.09999999999999998,0.0,0.027044371103777044,9,7,fall,91829.15280000001,0.0472668810289389,0.02668513459324422
1,3,sep,mon,88.6,91.8,709.9,7.1,0.32797427652733124,0.6823529411764706,0.6555555555555556,0.0,0.02777777777777778,9,1,fall,81323.34439436618,0.21500535905680604,0.027398974188114347
4,5,sep,wed,92.9,133.3,699.6,9.2,0.5530546623794212,0.047058823529411764,0.09999999999999998,0.0,0.02906123945727906,9,3,fall,94168.97360869565,0.055305466237942115,0.028646968644975956
6,5,mar,mon,90.1,39.7,86.6,6.2,0.41800643086816724,0.1411764705882353,0.3,0.0,0.029244591125779245,3,1,spring,4996.219387096774,0.12540192926045016,0.028825126493300345
8,6,aug,sun,90.2,99.6,631.2,6.3,0.45016077170418006,0.5176470588235293,0.3,0.0,0.02942794279427943,8,7,summer,90010.3222857143,0.135048231511254,0.029003252607059493
3,4,sep,fri,93.3,141.2,713.9,13.9,0.527331189710611,0.39999999999999997,0.3555555555555555,0.0,0.03291162449578291,9,5,fall,67661.07945323741,0.18749553411932834,0.03238163419868685
4,3,mar,mon,87.6,52.2,103.8,5.0,0.28295819935691324,0.36470588235294116,0.6,0.0,0.033736707004033736,3,1,spring,9492.96672,0.16977491961414795,0.033180108268524036
2,2,jul,fri,88.3,150.3,309.9,6.8,0.3601286173633441,0.7529411764705882,0.3555555555555555,0.0,0.03392005867253392,7,5,summer,60482.86398529411,0.1280457306180779,0.03335746040164826
7,4,sep,wed,90.1,82.9,735.7,6.2,0.42443729903536986,0.4941176470588235,0.45555555555555555,0.0,0.034561789512284564,9,3,fall,88631.55891935484,0.1933547695605574,0.033977945286156865
4,4,sep,sun,93.5,149.3,728.6,8.1,0.6655948553054662,0.2823529411764706,0.5000000000000001,0.0,0.04455445544554456,9,7,fall,125567.0139506173,0.3327974276527332,0.04359043607486177
7,5,oct,mon,91.7,48.5,696.1,11.1,0.4469453376205789,0.34117647058823525,0.39999999999999997,0.0,0.04528786211954529,10,1,fall,27890.720225225225,0.17877813504823156,0.04429231362604812
8,6,aug,sat,92.2,81.8,480.8,11.9,0.5755627009646302,0.22352941176470592,0.45555555555555555,0.0,0.05344701136780344,8,6,summer,30472.053512605045,0.26220078599499824,0.05206765529215452
4,6,sep,sun,93.5,149.3,728.6,8.1,0.8392282958199357,0.1294117647058824,0.3,0.0,0.05876420975430876,9,7,fall,125567.0139506173,0.25176848874598073,0.0571023881496084
8,6,aug,sat,92.2,81.8,480.8,11.9,0.4565916398713827,0.32941176470588235,0.39999999999999997,0.0,0.06536486982031536,8,6,summer,30472.053512605045,0.18263665594855305,0.06331734125739451
4,4,sep,wed,92.9,133.3,699.6,9.2,0.7781350482315113,0.07058823529411767,0.45555555555555555,0.0,0.08113311331133113,9,3,fall,94168.97360869565,0.35448374419435513,0.07800967012449085
1,5,sep,sun,93.5,149.3,728.6,8.1,0.8231511254019295,0.1411764705882353,0.3,0.0,0.08727539420608728,9,7,fall,125567.0139506173,0.24694533762057883,0.08367492858623735
6,4,sep,tue,91.0,129.5,692.6,7.0,0.5305466237942122,0.32941176470588235,0.25555555555555554,0.0,0.0947928126145948,9,2,fall,116599.21,0.13558413719185422,0.09056513314145852
9,4,sep,tue,84.4,73.4,671.9,3.2,0.7106109324758845,0.24705882352941178,0.3,0.0,0.0969013568023469,9,2,fall,130074.80075000001,0.21318327974276532,0.09248925637699455
4,5,sep,sat,92.5,121.1,674.4,8.6,0.49839228295819943,0.11764705882352944,0.3,0.0,0.142005867253392,9,6,fall,87842.56046511629,0.1495176848874598,0.13278624892061347
8,6,aug,sun,91.4,142.4,601.4,10.6,0.559485530546624,0.3058823529411765,0.6,0.0,0.18014301430143015,8,7,summer,73843.75003773585,0.3356913183279744,0.1656356296941553
2,2,sep,sat,92.5,121.1,674.4,8.6,0.5144694533762058,0.36470588235294116,0.15555555555555553,0.0,0.1841767510084342,9,6,fall,87842.56046511629,0.08002858163629865,0.16904780826653643
1,2,sep,tue,91.0,129.5,692.6,7.0,0.5337620578778135,0.29411764705882354,0.2,0.0,0.19517785111844518,9,2,fall,116599.21,0.1067524115755627,0.17829500369729964
6,5,sep,sat,92.5,121.1,674.4,8.6,0.7363344051446947,0.1411764705882353,0.39999999999999997,0.0,1.0,9,6,fall,87842.56046511629,0.29453376205787785,0.6931471805599453
7,5,apr,sun,81.9,3.0,7.9,3.5,0.3601286173633441,0.7058823529411764,0.15555555555555553,0.0,0.0,4,7,spring,55.458000000000006,0.05602000714540908,0.0
6,3,apr,wed,88.0,17.2,43.5,3.8,0.41800643086816724,0.4235294117647059,0.25555555555555554,0.0,0.0,4,3,spring,1732.673684210526,0.1068238656663094,0.0
4,4,apr,fri,83.0,23.3,85.3,2.3,0.46623794212218655,0.05882352941176472,0.3,0.0,0.0,4,5,spring,7172.246521739131,0.13987138263665597,0.0
2,4,aug,sun,94.2,122.3,589.9,12.9,0.42443729903536986,0.6000000000000001,0.39999999999999997,0.0,0.009259259259259259,8,7,summer,52682.45995348837,0.16977491961414792,0.009216655104924048
7,4,aug,sun,91.8,175.1,700.7,13.8,0.6334405144694535,0.6823529411764706,0.7999999999999999,0.15625,0.0,8,7,summer,81617.23134782608,0.5067524115755627,0.0
2,4,aug,sun,91.8,175.1,700.7,13.8,0.6495176848874598,0.4588235294117647,0.7999999999999999,0.0,0.0026585991932526584,8,7,summer,81617.23134782608,0.5196141479099677,0.0026550713697465955
3,4,aug,sun,91.8,175.1,700.7,13.8,0.7909967845659165,0.27058823529411763,0.6555555555555556,0.0,0.0007334066740007335,8,7,summer,81617.23134782608,0.5185423365487675,0.0007331378627500045
5,4,aug,sun,91.8,175.1,700.7,13.8,0.7556270096463023,0.2823529411764706,0.5555555555555556,0.0,9.167583425009169e-05,8,7,summer,81617.23134782608,0.4197927831368346,9.167163227770041e-05
2,4,aug,wed,92.2,91.6,503.6,9.6,0.594855305466238,0.6470588235294117,0.2,0.0,0.0007334066740007335,8,3,summer,44303.79033333334,0.11897106109324761,0.0007331378627500045
8,6,aug,wed,93.1,157.3,666.7,13.5,0.852090032154341,0.15294117647058825,0.25555555555555554,0.0,0.0,8,3,summer,72322.77645185185,0.2177563415505538,0.0
3,4,aug,wed,93.1,157.3,666.7,13.5,0.627009646302251,0.29411764705882354,0.0,0.0,0.002291895856252292,8,3,summer,72322.77645185185,0.0,0.0022892734690056894
8,5,aug,wed,93.1,157.3,666.7,13.5,0.7909967845659165,0.11764705882352944,0.3,0.0,0.0006417308397506417,8,3,summer,72322.77645185185,0.23729903536977492,0.0006415250185650934
8,5,aug,wed,93.1,157.3,666.7,13.5,0.7009646302250805,0.24705882352941178,0.3,0.0,0.00018335166850018338,8,3,summer,72322.77645185185,0.21028938906752415,0.00018333486163731768
6,5,aug,wed,93.1,157.3,666.7,13.5,0.639871382636656,0.25882352941176473,0.3555555555555555,0.0,0.00018335166850018338,8,3,summer,72322.77645185185,0.22750982493747765,0.00018333486163731768
7,4,aug,thu,91.9,109.2,565.5,8.0,0.617363344051447,0.27058823529411763,0.25555555555555554,0.0,0.0013751375137513752,8,4,summer,70938.29925000001,0.15777063236870312,0.0013741928780640182
6,3,aug,thu,91.6,138.1,621.7,6.3,0.5369774919614148,0.3058823529411765,0.3,0.0,0.009442610927759443,8,4,summer,124833.01796825397,0.16109324758842442,0.009398308148111986
2,5,aug,thu,87.5,77.0,694.8,5.0,0.6463022508038587,0.36470588235294116,0.39999999999999997,0.0,0.0,8,4,summer,93624.3,0.25852090032154346,0.0
8,6,aug,sat,94.2,117.2,581.1,11.0,0.6977491961414792,0.3058823529411765,0.2,0.0,0.007334066740007334,8,6,summer,58322.576945454544,0.13954983922829586,0.007307303249685255
4,3,aug,sat,94.2,117.2,581.1,11.0,0.617363344051447,0.34117647058823525,0.25555555555555554,0.0,0.0006417308397506417,8,6,summer,58322.576945454544,0.15777063236870312,0.0006415250185650934
3,4,aug,sat,91.8,170.9,692.3,13.7,0.5916398713826367,0.5176470588235293,0.055555555555555546,0.0,0.0,8,6,summer,79279.06296350365,0.032868881743479815,0.0
7,4,aug,sat,91.8,170.9,692.3,13.7,0.6913183279742765,0.29411764705882354,0.15555555555555553,0.0,0.0012834616795012834,8,6,summer,79279.06296350365,0.10753840657377632,0.0012826387466197975
2,4,aug,mon,93.6,97.9,542.0,14.4,0.8392282958199357,0.2,0.39999999999999997,0.0,0.008067473414008068,8,1,summer,34490.170000000006,0.3356913183279743,0.008035105319657163
3,4,aug,fri,91.6,112.4,573.0,8.9,0.28938906752411575,0.8117647058823529,0.7999999999999999,0.0,0.003025302530253025,8,5,summer,66286.7002247191,0.2315112540192926,0.0030207355113108718
2,4,aug,fri,91.6,112.4,573.0,8.9,0.617363344051447,0.31764705882352945,0.3,0.0,0.0038503850385038507,8,5,summer,66286.7002247191,0.1852090032154341,0.003842991279167763
6,3,aug,fri,91.1,141.1,629.1,7.1,0.54983922829582,0.2823529411764706,0.3555555555555555,0.0,0.001466813348001467,8,5,summer,113895.54240845071,0.1954983922829582,0.0014657386281163778
4,4,aug,fri,94.3,167.6,684.4,13.0,0.6302250803858522,0.4470588235294118,0.3,0.0,0.005958929226255959,8,5,summer,83205.56147692306,0.18906752411575567,0.005941245025319875
4,4,aug,tue,93.7,102.2,550.3,14.6,0.639871382636656,0.4588235294117647,0.7999999999999999,0.0,0.0007334066740007335,8,2,summer,36094.177,0.5118971061093247,0.0007331378627500045
6,5,aug,tue,94.3,131.7,607.1,22.7,0.5530546623794212,0.4705882352941177,0.39999999999999997,0.0,0.00018335166850018338,8,2,summer,33214.815422907486,0.2212218649517685,0.00018333486163731768
2,2,aug,tue,92.1,152.6,658.2,14.3,0.6913183279742765,0.10588235294117648,0.3,0.0,0.0,8,2,summer,64689.82917482518,0.20739549839228294,0.0
3,4,aug,tue,92.1,152.6,658.2,14.3,0.604501607717042,0.2,0.3,0.0,0.0,8,2,summer,64689.82917482518,0.18135048231511258,0.0
4,4,aug,tue,92.1,152.6,658.2,14.3,0.5434083601286175,0.4470588235294118,0.25555555555555554,0.0,0.004033736707004034,8,2,summer,64689.82917482518,0.13887102536620224,0.00402562300280566
2,2,aug,tue,92.1,152.6,658.2,14.3,0.6302250803858522,0.4823529411764706,0.3,0.0,0.0004583791712504584,8,2,summer,64689.82917482518,0.18906752411575567,0.00045827414761068924
8,6,aug,tue,92.1,152.6,658.2,14.3,0.5755627009646302,0.5058823529411764,0.45555555555555555,0.0,0.008525852585258526,8,2,summer,64689.82917482518,0.26220078599499824,0.008489712773956543
2,5,aug,tue,92.1,152.6,658.2,14.3,0.5787781350482315,0.37647058823529417,0.39999999999999997,0.0,0.002841950861752842,8,2,summer,64689.82917482518,0.2315112540192926,0.002837920154311583
4,6,dec,sun,84.4,27.2,353.5,6.8,0.08360128617363344,0.4941176470588235,0.9,0.0,0.008250825082508252,12,7,winter,11934.160000000002,0.0752411575562701,0.008216973102280804
8,6,dec,wed,84.0,27.8,354.6,5.3,0.09324758842443731,0.5411764705882354,0.8444444444444444,0.0,0.010267693436010267,12,3,winter,15623.809811320758,0.07874240800285817,0.010215338741426265
4,6,dec,thu,84.6,26.4,352.0,2.0,0.09324758842443731,0.5411764705882354,0.5000000000000001,0.0,0.0049504950495049506,12,4,winter,39308.543999999994,0.04662379421221866,0.004938281640582577
4,4,dec,mon,85.4,25.4,349.7,2.6,0.07717041800643087,0.07058823529411767,0.9,0.0,0.01631829849651632,12,1,winter,29175.201999999997,0.06945337620578779,0.01618658601427076
3,4,dec,mon,85.4,25.4,349.7,2.6,0.07717041800643087,0.07058823529411767,0.9,0.0,0.009809314264759809,12,1,winter,29175.201999999997,0.06945337620578779,0.009761515270964274
4,4,dec,mon,85.4,25.4,349.7,2.6,0.07717041800643087,0.07058823529411767,0.9,0.0,0.02016868353502017,12,1,winter,29175.201999999997,0.06945337620578779,0.01996798963779963
4,4,dec,mon,85.4,25.4,349.7,2.6,0.07717041800643087,0.07058823529411767,0.9,0.0,0.008984231756508984,12,1,winter,29175.201999999997,0.06945337620578779,0.008944113654224957
4,6,dec,fri,84.7,26.7,352.6,4.1,0.0,0.5176470588235293,0.5000000000000001,0.0,0.008525852585258526,12,5,winter,19448.814000000006,0.0,0.008489712773956543
6,5,dec,tue,85.4,25.4,349.7,2.6,0.09324758842443731,0.10588235294117648,0.9,0.0,0.022735606894022736,12,2,winter,29175.201999999997,0.08392282958199358,0.022481004781900456
6,3,feb,sun,84.9,27.5,353.5,3.4,0.06430868167202575,0.4235294117647059,0.39999999999999997,0.0,0.0,2,7,winter,24274.533088235294,0.025723472668810296,0.0
3,4,feb,wed,86.9,6.6,18.7,3.2,0.21221864951768493,0.23529411764705882,0.3,0.0,0.0010084341767510085,2,3,winter,335.16243749999995,0.06366559485530547,0.0010079260485872088
5,4,feb,fri,85.2,4.9,15.8,6.3,0.17041800643086819,0.36470588235294116,0.8444444444444444,0.0,0.022185551888522184,2,5,winter,104.70133333333334,0.14390853876384424,0.021943032922785603
2,5,jul,sun,93.9,169.7,411.8,12.3,0.6816720257234727,0.29411764705882354,0.6555555555555556,0.0,0.0,7,7,summer,53349.29263414634,0.44687388352983215,0.0
7,6,jul,wed,91.2,183.1,437.7,12.5,0.3344051446945338,0.8823529411764706,0.7999999999999999,0.03125,0.0,7,3,summer,58472.237952,0.267524115755627,0.0
7,4,jul,sat,91.6,104.2,474.9,9.0,0.639871382636656,0.39999999999999997,0.25555555555555554,0.0,0.0,7,6,summer,50364.30586666667,0.16352268667381206,0.0
7,4,jul,sat,91.6,104.2,474.9,9.0,0.707395498392283,0.2,0.15555555555555553,0.0,0.0,7,6,summer,50364.30586666667,0.11003929974991067,0.0
7,4,jul,sat,91.6,104.2,474.9,9.0,0.7106109324758845,0.1764705882352941,0.15555555555555553,0.0,0.0,7,6,summer,50364.30586666667,0.11053947838513757,0.0
2,5,jul,sat,91.6,104.2,474.9,9.0,0.5305466237942122,0.4470588235294118,0.15555555555555553,0.0,0.0,7,6,summer,50364.30586666667,0.082529474812433,0.0
9,4,jul,sat,91.6,104.2,474.9,9.0,0.7427652733118972,0.2823529411764706,0.055555555555555546,0.0,0.007334066740007334,7,6,summer,50364.30586666667,0.04126473740621651,0.007307303249685255
4,5,jul,fri,91.6,100.2,466.3,6.3,0.6655948553054662,0.29411764705882354,0.09999999999999998,0.0,0.0023835716905023837,7,5,summer,67934.13676190477,0.06655948553054661,0.0023807354894653477
7,6,jul,tue,93.1,180.4,430.8,11.0,0.7942122186495177,0.15294117647058825,0.5555555555555556,0.0,0.07920792079207921,7,2,summer,65776.26719999999,0.4412290103608432,0.07622736538788431
8,6,jul,tue,92.3,88.8,440.9,8.5,0.4790996784565918,0.611764705882353,0.3555555555555555,0.0,0.00605060506050605,7,2,summer,42514.3790117647,0.1703465523401215,0.006032373653441534
7,5,jun,sun,93.1,180.4,430.8,11.0,0.6430868167202572,0.38823529411764707,0.09999999999999998,0.0,0.0,6,7,summer,65776.26719999999,0.0643086816720257,0.0
6,4,jun,sun,90.4,89.5,290.8,6.4,0.3890675241157557,0.36470588235294116,0.15555555555555553,0.0,0.0008250825082508251,6,7,summer,36762.5725,0.060521614862450876,0.0008247423147902964
8,6,jun,sun,90.4,89.5,290.8,6.4,0.42443729903536986,0.35294117647058826,0.2,0.0,0.0,6,7,summer,36762.5725,0.08488745980707398,0.0
8,6,jun,wed,91.2,147.8,377.2,12.7,0.559485530546624,0.32941176470588235,0.5000000000000001,0.0,0.0,6,3,summer,40034.76056692914,0.27974276527331204,0.0
6,5,jun,sat,53.4,71.0,233.8,0.4,0.27009646302250806,0.8823529411764706,0.25555555555555554,0.0,0.0,6,6,summer,221607.33000000002,0.06902465166130761,0.0
6,5,jun,mon,90.4,93.3,298.1,7.5,0.594855305466238,0.11764705882352944,0.5000000000000001,0.0,0.0,6,1,summer,33523.61056,0.29742765273311905,0.0
6,5,jun,mon,90.4,93.3,298.1,7.5,0.5434083601286175,0.2823529411764706,0.5555555555555556,0.0,0.003208654198753209,6,1,summer,33523.61056,0.30189353340478753,0.0032035174529639297
3,6,jun,fri,91.1,94.1,232.1,7.1,0.5466237942122187,0.27058823529411763,0.45555555555555555,0.0,0.0,6,5,summer,28023.655929577457,0.24901750625223298,0.0
6,5,may,sat,85.1,28.0,113.8,3.5,0.2926045016077171,0.9294117647058824,0.5000000000000001,0.0,0.0,5,6,spring,7747.503999999999,0.14630225080385859,0.0
1,4,sep,sun,89.6,84.1,714.3,5.7,0.5401929260450162,0.4352941176470589,0.2,0.0,0.0,9,7,fall,94429.95873684209,0.10803858520900325,0.0
7,4,sep,sun,89.6,84.1,714.3,5.7,0.4790996784565918,0.4470588235294118,0.5555555555555556,0.0,0.00036670333700036676,9,7,fall,94429.95873684209,0.2661664880314399,0.0003666361177641113
3,4,sep,sun,89.6,84.1,714.3,5.7,0.694533762057878,0.23529411764705882,0.3555555555555555,0.0,0.004767143381004767,9,7,fall,94429.95873684209,0.2469453376205788,0.004755816536527429
2,4,sep,sun,92.4,105.8,758.1,9.9,0.44372990353697755,0.35294117647058826,0.15555555555555553,0.0,0.0,9,7,fall,74859.848,0.06902465166130761,0.0
2,4,sep,sun,92.4,105.8,758.1,9.9,0.729903536977492,0.1411764705882353,0.2,0.0,0.0,9,7,fall,74859.848,0.1459807073954984,0.0
7,4,sep,sun,92.4,105.8,758.1,9.9,0.7427652733118972,0.1411764705882353,0.25555555555555554,0.0,0.0,9,7,fall,74859.848,0.18981779206859595,0.0
6,3,sep,sun,92.4,105.8,758.1,9.9,0.7266881028938907,0.15294117647058825,0.15555555555555553,0.0,0.013109644297763111,9,7,fall,74859.848,0.11304037156127188,0.013024456623303145
2,4,sep,sun,50.4,46.2,706.6,0.4,0.3215434083601286,0.7411764705882353,0.6555555555555556,0.0,0.0,9,7,fall,411325.992,0.21078956770275098,0.0
6,5,sep,wed,92.6,115.4,777.1,8.8,0.7106109324758845,0.1411764705882353,0.5000000000000001,0.0,0.0,9,3,fall,94365.01913636363,0.3553054662379423,0.0
4,4,sep,wed,92.6,115.4,777.1,8.8,0.5627009646302252,0.3058823529411765,0.15555555555555553,0.0,0.001466813348001467,9,3,fall,94365.01913636363,0.08753126116470168,0.0014657386281163778
3,4,sep,wed,91.2,134.7,817.5,7.2,0.5241157556270097,0.1764705882352941,0.25555555555555554,0.0,0.0,9,3,fall,139481.84999999998,0.13394069310468026,0.0
4,5,sep,thu,92.4,96.2,739.4,8.6,0.527331189710611,0.10588235294117648,0.6,0.0,0.0,9,4,fall,76423.69618604652,0.3163987138263666,0.0
4,4,sep,thu,92.4,96.2,739.4,8.6,0.5466237942122187,0.10588235294117648,0.5000000000000001,0.0,0.0034836817015034835,9,4,fall,76423.69618604652,0.2733118971061094,0.0034776277383844287
6,5,sep,thu,92.8,119.0,783.5,7.5,0.6237942122186497,0.1411764705882353,0.2,0.0,0.0,9,4,fall,115364.62933333333,0.12475884244372995,0.0
5,4,sep,thu,92.8,119.0,783.5,7.5,0.6237942122186497,0.15294117647058825,0.6555555555555556,0.0,0.004033736707004034,9,4,fall,115364.62933333333,0.40893176134333703,0.00402562300280566
6,3,sep,thu,92.8,119.0,783.5,7.5,0.5369774919614148,0.22352941176470592,0.7555555555555555,0.0,0.031536486982031535,9,4,fall,115364.62933333333,0.40571632725973555,0.031049425644268384
1,4,sep,thu,92.8,119.0,783.5,7.5,0.4694533762057879,0.15294117647058825,0.39999999999999997,0.0,0.006600660066006601,9,4,fall,115364.62933333333,0.18778135048231515,0.0065789710980425605
6,5,sep,thu,92.8,119.0,783.5,7.5,0.4694533762057879,0.15294117647058825,0.39999999999999997,0.0,0.0009167583425009168,9,4,fall,115364.62933333333,0.18778135048231515,0.0009163383762237876
3,5,sep,thu,90.7,136.9,822.8,6.8,0.3440514469453377,0.2823529411764706,0.25555555555555554,0.0,0.002016868353502017,9,4,fall,150243.643,0.08792425866380851,0.002014837205105094
6,5,sep,thu,88.1,53.3,726.9,5.4,0.36977491961414793,0.4823529411764706,0.15555555555555553,0.0,0.004033736707004034,9,4,fall,63209.74327777777,0.05752054305108967,0.00402562300280566
1,4,sep,sat,92.2,102.3,751.5,8.4,0.707395498392283,0.1411764705882353,0.3,0.0,0.0,9,6,fall,84383.25107142857,0.2122186495176849,0.0
5,4,sep,sat,92.2,102.3,751.5,8.4,0.7041800643086817,0.1411764705882353,0.3,0.0,0.0,9,6,fall,84383.25107142857,0.2112540192926045,0.0
6,5,sep,sat,92.2,102.3,751.5,8.4,0.6109324758842445,0.2,0.2,0.0,0.0,9,6,fall,84383.25107142857,0.1221864951768489,0.0
6,5,sep,sat,92.2,102.3,751.5,8.4,0.5627009646302252,0.23529411764705882,0.15555555555555553,0.0,0.0,9,6,fall,84383.25107142857,0.08753126116470168,0.0
4,3,sep,sat,92.2,102.3,751.5,8.4,0.684887459807074,0.1411764705882353,0.39999999999999997,0.0,0.003025302530253025,9,6,fall,84383.25107142857,0.2739549839228296,0.0030207355113108718
3,3,sep,sat,92.2,102.3,751.5,8.4,0.707395498392283,0.1411764705882353,0.3,0.0,0.00605060506050605,9,6,fall,84383.25107142857,0.2122186495176849,0.006032373653441534
7,4,sep,sat,91.2,124.4,795.3,8.5,0.6205787781350482,0.15294117647058825,0.45555555555555555,0.0,0.014301430143014302,9,6,fall,106151.77863529412,0.28270811003929974,0.01420012937911491
4,4,sep,sat,91.2,124.4,795.3,8.5,0.4790996784565918,0.3058823529411765,0.2,0.0,0.010267693436010267,9,6,fall,106151.77863529412,0.09581993569131836,0.010215338741426265
1,4,sep,mon,92.1,87.7,721.1,9.5,0.5112540192926047,0.4588235294117647,0.3,0.0,0.0019251925192519254,9,1,fall,61309.97144210527,0.1533762057877814,0.001923341711194247
2,3,sep,mon,91.6,108.4,764.0,6.2,0.5080385852090032,0.4235294117647059,0.5555555555555556,0.0,0.0,9,1,fall,122356.32516129033,0.28224365844944627,0.0
4,3,sep,mon,91.6,108.4,764.0,6.2,0.2443729903536978,0.8352941176470587,0.15555555555555553,0.0,0.0,9,1,fall,122356.32516129033,0.038013576277241876,0.0
7,4,sep,mon,91.6,108.4,764.0,6.2,0.54983922829582,0.34117647058823525,0.2,0.0,0.0,9,1,fall,122356.32516129033,0.10996784565916401,0.0
6,3,sep,mon,91.6,108.4,764.0,6.2,0.6688102893890677,0.22352941176470592,0.2,0.0,0.05133846718005134,9,1,fall,122356.32516129033,0.13376205787781356,0.050064083037781384
8,6,sep,mon,91.6,108.4,764.0,6.2,0.6591639871382637,0.23529411764705882,0.2,0.0,0.006875687568756876,9,1,fall,122356.32516129033,0.13183279742765275,0.006852157822866661
2,4,sep,mon,91.6,108.4,764.0,6.2,0.5852090032154342,0.3058823529411765,0.15555555555555553,0.0,0.0013751375137513752,9,1,fall,122356.32516129033,0.09103251161128975,0.0013741928780640182
2,5,sep,mon,91.6,108.4,764.0,6.2,0.54983922829582,0.34117647058823525,0.2,0.0,0.0035753575357535755,9,1,fall,122356.32516129033,0.10996784565916401,0.0035689811390781684
8,6,sep,mon,91.9,111.7,770.3,6.5,0.4340836012861737,0.4235294117647059,0.2,0.0,0.0,9,1,fall,121650.87183076925,0.08681672025723475,0.0
6,3,sep,mon,91.5,130.1,807.1,7.5,0.5916398713826367,0.25882352941176473,0.15555555555555553,0.0,0.0,9,1,fall,128104.5262,0.09203286888174347,0.0
8,6,sep,mon,91.5,130.1,807.1,7.5,0.4405144694533763,0.4235294117647059,0.45555555555555555,0.0,0.002016868353502017,9,1,fall,128104.5262,0.20067881386209366,0.002014837205105094
6,3,sep,mon,91.5,130.1,807.1,7.5,0.3215434083601286,0.6000000000000001,0.5000000000000001,0.0,0.005592225889255592,9,1,fall,128104.5262,0.16077170418006434,0.005576647445854961
2,2,sep,mon,91.5,130.1,807.1,7.5,0.4694533762057879,0.32941176470588235,0.3,0.0,0.005317198386505317,9,1,fall,128104.5262,0.14083601286173636,0.005303111998514551
1,4,sep,mon,91.5,130.1,807.1,7.5,0.6141479099678457,0.23529411764705882,0.2,0.0,0.02585258525852585,9,1,fall,128104.5262,0.12282958199356915,0.02552405734049177
5,4,sep,fri,92.1,99.0,745.3,9.6,0.2540192926045016,0.7058823529411764,0.3555555555555555,0.0,0.0,9,5,fall,70787.19656249999,0.09031797070382279,0.0
3,4,sep,fri,92.1,99.0,745.3,9.6,0.48874598070739556,0.4941176470588235,0.45555555555555555,0.0,0.0,9,5,fall,70787.19656249999,0.2226509467667024,0.0
5,4,sep,fri,92.1,99.0,745.3,9.6,0.3408360128617364,0.5764705882352941,0.3555555555555555,0.0,0.001466813348001467,9,5,fall,70787.19656249999,0.12118613790639515,0.0014657386281163778
5,4,sep,fri,92.1,99.0,745.3,9.6,0.2540192926045016,0.7058823529411764,0.3555555555555555,0.0,0.0033920058672533924,9,5,fall,70787.19656249999,0.09031797070382279,0.0033862659914841897
4,4,sep,fri,92.1,99.0,745.3,9.6,0.42443729903536986,0.4470588235294118,0.6555555555555556,0.0,0.006692335900256693,9,5,fall,70787.19656249999,0.2782422293676314,0.006670041632234057
7,4,sep,fri,92.1,99.0,745.3,9.6,0.5916398713826367,0.32941176470588235,0.3555555555555555,0.0,0.0018335166850018336,9,5,fall,70787.19656249999,0.2103608431582708,0.0018318378450921915
7,4,sep,fri,92.1,99.0,745.3,9.6,0.5659163987138265,0.37647058823529417,0.25555555555555554,0.0,0.0015584891822515584,9,5,fall,70787.19656249999,0.1446230796713112,0.0015572759983117411
7,4,sep,fri,92.1,99.0,745.3,9.6,0.5305466237942122,0.411764705882353,0.2,0.0,0.005500550055005501,9,5,fall,70787.19656249999,0.10610932475884245,0.005485477276671278
4,4,sep,fri,92.1,99.0,745.3,9.6,0.5980707395498392,0.23529411764705882,0.5000000000000001,0.0,0.012009534286762009,9,5,fall,70787.19656249999,0.2990353697749197,0.011937992052872637
4,4,sep,fri,92.1,99.0,745.3,9.6,0.5980707395498392,0.23529411764705882,0.5000000000000001,0.0,0.0011917858452511918,9,5,fall,70787.19656249999,0.2990353697749197,0.0011910762322493167
6,3,sep,fri,92.5,122.0,789.7,10.2,0.4405144694533763,0.4705882352941177,0.3555555555555555,0.0,0.0,9,5,fall,87370.24019607843,0.156627366916756,0.0
6,3,sep,fri,92.5,122.0,789.7,10.2,0.5627009646302252,0.2823529411764706,0.25555555555555554,0.0,0.0,9,5,fall,87370.24019607843,0.14380135762772422,0.0
1,4,sep,fri,92.5,122.0,789.7,10.2,0.6077170418006432,0.2823529411764706,0.2,0.0,0.007425742574257425,9,5,fall,87370.24019607843,0.12154340836012865,0.007398307481444925
6,5,sep,fri,92.5,122.0,789.7,10.2,0.5209003215434085,0.31764705882352945,0.2,0.0,0.0010084341767510085,9,5,fall,87370.24019607843,0.10418006430868171,0.0010079260485872088
4,3,sep,fri,92.5,122.0,789.7,10.2,0.4855305466237943,0.35294117647058826,0.39999999999999997,0.0,0.0035753575357535755,9,5,fall,87370.24019607843,0.1942122186495177,0.0035689811390781684
7,4,sep,fri,88.2,55.2,732.3,11.6,0.41800643086816724,0.5764705882352941,0.3,0.0,0.0004583791712504584,9,5,fall,30735.38855172414,0.12540192926045016,0.00045827414761068924
4,3,sep,tue,91.9,111.7,770.3,6.5,0.4405144694533763,0.4470588235294118,0.2,0.0,0.0026585991932526584,9,2,fall,121650.87183076925,0.08810289389067527,0.0026550713697465955
6,5,sep,tue,91.9,111.7,770.3,6.5,0.6077170418006432,0.23529411764705882,0.25555555555555554,0.0,0.005133846718005134,9,2,fall,121650.87183076925,0.15530546623794214,0.00512071345719723
6,5,sep,tue,91.9,111.7,770.3,6.5,0.559485530546624,0.35294117647058826,0.3,0.0,0.018335166850018337,9,2,fall,121650.87183076925,0.1678456591639872,0.018169104461210926
4,5,sep,tue,91.1,132.3,812.1,12.5,0.4405144694533763,0.27058823529411763,0.5555555555555556,0.0,0.0016501650165016502,9,2,fall,78302.876904,0.2447302608074313,0.0016488049901838859
4,5,sep,tue,91.1,132.3,812.1,12.5,0.4565916398713827,0.1411764705882353,0.3555555555555555,0.0,0.0,9,2,fall,78302.876904,0.1623436941764916,0.0
6,5,sep,sat,91.2,94.3,744.4,8.4,0.4694533762057879,0.37647058823529417,0.5000000000000001,0.0,0.01155115511551155,9,6,fall,76213.79885714284,0.23472668810289402,0.011484949866897031
4,5,sep,sun,91.0,276.3,825.1,7.1,0.37299035369774924,0.7294117647058824,0.7999999999999999,0.0,0.0,9,7,fall,292193.4764788732,0.29839228295819936,0.0
7,4,sep,sun,91.0,276.3,825.1,7.1,0.37299035369774924,0.7294117647058824,0.7999999999999999,0.0,0.010176017601760175,9,7,fall,292193.4764788732,0.29839228295819936,0.010124590522297916
3,4,jul,wed,91.9,133.6,520.5,8.0,0.38585209003215437,0.5058823529411764,0.39999999999999997,0.0,0.0,7,3,summer,79882.69649999999,0.15434083601286175,0.0
4,5,aug,sun,92.0,203.2,664.5,8.1,0.2636655948553055,0.7058823529411764,0.055555555555555546,0.0,0.0,8,7,summer,153363.3185185185,0.014648088603072524,0.0
5,4,aug,thu,94.8,222.4,698.6,13.9,0.581993569131833,0.31764705882352945,0.25555555555555554,0.0,0.0,8,4,summer,105963.648,0.1487316898892462,0.0
6,5,sep,fri,90.3,290.0,855.3,7.4,0.26045016077170424,0.7411764705882353,0.39999999999999997,0.0,0.016776677667766776,9,5,fall,302672.177027027,0.1041800643086817,0.016637503639262377
6,5,sep,sat,91.2,94.3,744.4,8.4,0.42443729903536986,0.4941176470588235,0.5000000000000001,0.0,0.03612027869453612,9,6,fall,76213.79885714284,0.212218649517685,0.03548323622430942
8,6,aug,mon,92.1,207.0,672.6,8.2,0.6077170418006432,0.4588235294117647,0.2,0.0,0.0,8,1,summer,156377.03926829266,0.12154340836012865,0.0
2,2,aug,sat,93.7,231.1,715.1,8.4,0.6334405144694535,0.31764705882352945,0.2,0.0,0.16006600660066006,8,6,summer,184343.16020238097,0.1266881028938907,0.14847690574135045
6,5,mar,thu,90.9,18.9,30.6,8.0,0.20900321543408362,0.4235294117647059,0.6,0.0,0.0,3,4,spring,657.138825,0.12540192926045016,0.0
4,5,jan,sun,18.7,1.1,171.4,0.0,0.09646302250803859,1.0,0.055555555555555546,0.0,0.0,1,7,winter,inf,0.005359056806002143,0.0
5,4,jul,wed,93.7,101.3,458.8,11.9,0.54983922829582,0.2823529411764706,0.7555555555555555,0.0,0.007059039237257059,7,3,summer,36595.314521008404,0.4154340836012862,0.007034240853231527
8,6,aug,thu,90.7,194.1,643.0,6.8,0.45016077170418006,0.5647058823529412,0.25555555555555554,0.0,0.014943160982764945,8,4,summer,166469.57955882352,0.11504108610217934,0.014832611893987763
8,6,aug,wed,95.2,217.7,690.0,18.0,0.8360128617363345,0.1647058823529412,0.15555555555555553,0.0,0.00540887422075541,8,3,summer,79445.98666666668,0.13004644515898534,0.0053942987947297434
9,6,aug,thu,91.6,248.4,753.8,6.3,0.5884244372990355,0.5058823529411764,0.25555555555555554,0.0,0.03932893289328933,8,4,summer,272246.7154285714,0.15037513397642016,0.0385752480521195
8,4,aug,sat,91.6,273.8,819.1,7.7,0.6141479099678457,0.34117647058823525,0.45555555555555555,0.0,0.011184451778511184,8,6,summer,266793.42244155845,0.2797784923186853,0.011122368282068956
2,4,aug,sun,91.6,181.3,613.0,7.6,0.6012861736334405,0.411764705882353,0.2,0.0,0.014668133480014669,8,7,summer,133949.21105263158,0.1202572347266881,0.014561596941337435
3,4,sep,sun,90.5,96.7,750.5,11.4,0.5916398713826367,0.4705882352941177,0.5555555555555556,0.0,0.022552255225522556,9,7,fall,57613.05416666667,0.3286888174347982,0.02230171298401994
5,5,mar,thu,90.9,18.9,30.6,8.0,0.30225080385852093,0.38823529411764707,0.5555555555555556,0.0,0.0,3,4,spring,657.138825,0.16791711325473385,0.0
6,4,aug,fri,94.8,227.0,706.7,12.0,0.6784565916398715,0.22352941176470592,0.3,0.0,0.02631096442977631,8,5,summer,126732.511,0.20353697749196145,0.025970785067376063
7,4,aug,fri,94.8,227.0,706.7,12.0,0.6784565916398715,0.22352941176470592,0.3,0.0,0.0,8,5,summer,126732.511,0.20353697749196145,0.0
7,4,feb,mon,84.7,9.5,58.3,4.1,0.17041800643086819,0.6588235294117648,0.6555555555555556,0.0,0.009167583425009168,2,1,winter,1144.1730487804878,0.11171847088245804,0.009125816207645706
8,6,sep,fri,91.1,91.3,738.1,7.2,0.594855305466238,0.36470588235294116,0.25555555555555554,0.0,0.027686101943527688,9,5,fall,85265.2094861111,0.15201857806359415,0.027309772100726482
1,3,sep,sun,91.0,276.3,825.1,7.1,0.6334405144694535,0.32941176470588235,0.39999999999999997,0.0,0.06490649064906491,9,7,fall,292193.4764788732,0.25337620578778136,0.06288699309909812
2,4,mar,tue,93.4,15.0,25.6,11.4,0.41800643086816724,0.047058823529411764,0.7999999999999999,0.0,0.0,3,2,spring,314.61052631578946,0.33440514469453375,0.0
6,5,feb,mon,84.1,4.6,46.7,2.2,0.09967845659163987,0.6235294117647059,0.15555555555555553,0.0,0.0,2,1,winter,821.1982727272726,0.015505537692032867,0.0
4,5,feb,sun,85.0,9.0,56.9,3.5,0.2540192926045016,0.5529411764705883,0.15555555555555553,0.0,0.04748808214154749,2,7,winter,1243.6714285714286,0.039514112182922466,0.046394995318928746
4,3,sep,sun,90.5,96.7,750.5,11.4,0.5852090032154342,0.4705882352941177,0.5000000000000001,0.0,0.0033003300330033004,9,7,fall,57613.05416666667,0.29260450160771717,0.0032948958968524846
5,6,aug,sun,91.6,181.3,613.0,7.6,0.7106109324758845,0.21176470588235297,0.3555555555555555,0.0,0.0033003300330033004,8,7,summer,133949.21105263158,0.25266166488031444,0.0032948958968524846
1,2,aug,sat,93.7,231.1,715.1,8.4,0.762057877813505,0.2,0.3,0.0,0.0,8,6,summer,184343.16020238097,0.22861736334405147,0.0
9,5,jun,wed,93.3,49.5,297.7,14.0,0.829581993569132,0.22352941176470592,0.45555555555555555,0.0,0.0,6,3,summer,9820.59139285714,0.37792068595927125,0.0
9,5,jun,wed,93.3,49.5,297.7,14.0,0.829581993569132,0.22352941176470592,0.45555555555555555,0.0,0.0075174184085075165,6,3,summer,9820.59139285714,0.37792068595927125,0.007489303432187999
3,4,sep,thu,91.1,88.2,731.7,8.3,0.662379421221865,0.36470588235294116,0.39999999999999997,0.0,0.004583791712504584,9,4,fall,70834.02571084337,0.26495176848874596,0.004573318132881978
9,9,aug,fri,94.8,227.0,706.7,12.0,0.7331189710610932,0.24705882352941178,0.39999999999999997,0.0,0.0,8,5,summer,126732.511,0.29324758842443727,0.0
8,6,aug,thu,90.7,194.1,643.0,6.8,0.6141479099678457,0.3058823529411765,0.3555555555555555,0.0,0.0,8,4,summer,166469.57955882352,0.2183637013219007,0.0
2,4,sep,wed,87.9,84.8,725.1,3.7,0.6302250803858522,0.22352941176470592,0.2,0.0,0.005500550055005501,9,3,fall,146076.68627027026,0.12604501607717045,0.005485477276671278
2,2,aug,tue,94.6,212.1,680.9,9.5,0.8263665594855307,0.1411764705882353,0.2,0.0,0.0,8,2,summer,143810.8104631579,0.16527331189710615,0.0
6,5,sep,sat,87.1,291.3,860.6,4.0,0.47588424437299043,0.611764705882353,0.5000000000000001,0.0,0.003667033370003667,9,6,fall,545883.52845,0.23794212218649527,0.00366032619509062
4,5,feb,sat,84.7,8.2,55.0,2.9,0.38585209003215437,0.36470588235294116,0.39999999999999997,0.0,0.0,2,6,winter,1317.2310344827586,0.15434083601286175,0.0
4,3,sep,fri,90.3,290.0,855.3,7.4,0.5691318327974277,0.34117647058823525,0.3,0.0,0.007150715071507151,9,5,fall,302672.177027027,0.17073954983922832,0.007125269937086526
1,4,jul,tue,92.3,96.2,450.2,12.1,0.6816720257234727,0.18823529411764706,0.5555555555555556,0.0,0.0,7,2,summer,33036.71778512397,0.3787066809574849,0.0
6,3,feb,fri,84.1,7.3,52.8,2.7,0.4019292604501608,0.31764705882352945,0.25555555555555554,0.0,0.0,2,5,winter,1200.574222222222,0.10271525544837443,0.0
7,4,feb,fri,84.6,3.2,43.6,3.3,0.19292604501607719,0.4470588235294118,1.0,0.0,0.004217088375504217,2,5,winter,357.67854545454543,0.19292604501607719,0.004208221378187435
9,4,jul,mon,92.3,92.1,442.1,9.8,0.662379421221865,0.1411764705882353,0.45555555555555555,0.0,0.001466813348001467,7,1,summer,38349.15247959184,0.30175062522329404,0.0014657386281163778
7,5,aug,sat,93.7,231.1,715.1,8.4,0.7781350482315113,0.21176470588235297,0.3555555555555555,0.0,0.0,8,6,summer,184343.16020238097,0.27667023937120394,0.0
5,4,aug,sun,93.6,235.1,723.1,10.1,0.7041800643086817,0.411764705882353,0.39999999999999997,0.0,0.0,8,7,summer,157545.30510891086,0.28167202572347266,0.0
8,6,aug,thu,94.8,222.4,698.6,13.9,0.8135048231511255,0.1411764705882353,0.5000000000000001,0.0,0.6841767510084341,8,4,summer,105963.648,0.40675241157556286,0.5212768693434578
6,3,jul,tue,92.7,164.1,575.8,8.9,0.77491961414791,0.2823529411764706,0.3,0.0,0.006417308397506418,7,2,summer,98416.96523595505,0.232475884244373,0.0063968051443552745
6,5,mar,wed,93.4,17.3,28.3,9.9,0.37299035369774924,0.10588235294117648,0.6,0.0,0.0,3,3,spring,461.8960202020203,0.22379421221864954,0.0
2,4,aug,sun,92.0,203.2,664.5,8.1,0.729903536977492,0.31764705882352945,0.5555555555555556,0.0,0.0022002200220022,8,7,summer,153363.3185185185,0.4055019649874956,0.00219780308247944
2,5,aug,sun,91.6,181.3,613.0,7.6,0.7266881028938907,0.24705882352941178,0.39999999999999997,0.0,0.0027502750275027505,8,7,summer,133949.21105263158,0.2906752411575563,0.0027464999412389465
8,8,aug,wed,91.7,191.4,635.9,7.8,0.7717041800643087,0.24705882352941178,0.45555555555555555,0.0,0.17033370003667034,8,3,summer,143088.75053846152,0.3515541264737406,0.1572889218505234
2,4,aug,wed,95.2,217.7,690.0,18.0,0.919614147909968,0.047058823529411764,0.45555555555555555,0.0,0.0,8,3,summer,79445.98666666668,0.4189353340478743,0.0
8,6,jul,sun,88.9,263.1,795.9,5.2,0.8713826366559487,0.1411764705882353,0.3555555555555555,0.0,0.005775577557755775,7,7,summer,357995.6669423077,0.30982493747767065,0.005758962852011695
1,3,sep,sat,91.2,94.3,744.4,8.4,0.6463022508038587,0.38823529411764707,0.39999999999999997,0.0,0.0006417308397506417,9,6,fall,76213.79885714284,0.25852090032154346,0.0006415250185650934
8,6,aug,sat,93.7,231.1,715.1,8.4,0.7942122186495177,0.18823529411764706,0.3555555555555555,0.0,0.004583791712504584,8,6,summer,184343.16020238097,0.2823865666309396,0.004573318132881978
2,2,aug,thu,91.6,248.4,753.8,6.3,0.5852090032154342,0.4823529411764706,0.2,0.0,0.0,8,4,summer,272246.7154285714,0.11704180064308685,0.0
8,6,aug,thu,91.6,248.4,753.8,6.3,0.5852090032154342,0.4823529411764706,0.2,0.0,0.0,8,4,summer,272246.7154285714,0.11704180064308685,0.0
2,4,aug,mon,92.1,207.0,672.6,8.2,0.8263665594855307,0.21176470588235297,0.2,0.0,0.0022002200220022,8,1,summer,156377.03926829266,0.16527331189710615,0.00219780308247944
1,3,aug,thu,94.8,222.4,698.6,13.9,0.7717041800643087,0.22352941176470592,0.6,0.0,0.0,8,4,summer,105963.648,0.46302250803858525,0.0
3,4,aug,sun,91.6,181.3,613.0,7.6,0.7202572347266882,0.34117647058823525,0.39999999999999997,0.0,0.002933626696002934,8,7,summer,133949.21105263158,0.2881028938906753,0.002929332010493066
7,4,sep,thu,89.7,287.2,849.3,6.8,0.5530546623794212,0.35294117647058826,0.3555555555555555,0.0,0.0,9,4,fall,321757.8045882353,0.1966416577349053,0.0
1,3,aug,sat,92.1,178.0,605.3,9.6,0.6784565916398715,0.29411764705882354,0.39999999999999997,0.0,0.005867253392005868,8,6,summer,103366.32437499998,0.2713826366559486,0.005850108092014728
8,6,aug,thu,94.8,222.4,698.6,13.9,0.6977491961414792,0.27058823529411763,0.7000000000000001,0.0,0.0,8,4,summer,105963.648,0.4884244372990355,0.0
2,4,aug,sun,93.6,235.1,723.1,10.1,0.6012861736334405,0.6000000000000001,0.5000000000000001,0.0,0.014026402640264028,8,7,summer,157545.30510891086,0.3006430868167203,0.013928942936775145
1,4,aug,fri,90.6,269.8,811.2,5.5,0.6430868167202572,0.35294117647058826,0.3555555555555555,0.0,0.0,8,5,summer,360525.0082909091,0.22865309038942477,0.0
2,5,jul,sat,90.8,84.7,376.6,5.6,0.694533762057878,0.4235294117647059,0.15555555555555553,0.0,0.0,7,6,summer,51720.36100000001,0.10803858520900322,0.0
8,6,aug,mon,92.1,207.0,672.6,8.2,0.7909967845659165,0.23529411764705882,0.09999999999999998,0.0,0.0004583791712504584,8,1,summer,156377.03926829266,0.07909967845659163,0.00045827414761068924
8,6,aug,sat,89.4,253.6,768.4,9.7,0.38585209003215437,0.6823529411764706,0.25555555555555554,0.0,0.0,8,6,summer,179598.36964948452,0.09860664523043944,0.0
2,5,aug,sat,93.7,231.1,715.1,8.4,0.6881028938906755,0.4470588235294118,0.39999999999999997,0.0,0.005867253392005868,8,6,summer,184343.16020238097,0.27524115755627016,0.005850108092014728
1,3,sep,fri,91.1,91.3,738.1,7.2,0.5434083601286175,0.36470588235294116,0.2,0.0,0.000275027502750275,9,5,fall,85265.2094861111,0.1086816720257235,0.0002749896896196318
5,4,sep,fri,90.3,290.0,855.3,7.4,0.45016077170418006,0.5058823529411764,0.3555555555555555,0.0,0.0,9,5,fall,302672.177027027,0.16005716327259734,0.0
8,6,aug,mon,92.1,207.0,672.6,8.2,0.7491961414790997,0.1647058823529412,0.15555555555555553,0.0,0.0011001100110011,8,1,summer,156377.03926829266,0.11654162200785995,0.0010995053334168679
6,5,apr,mon,87.9,24.9,41.6,3.7,0.27974276527331193,0.5764705882352941,0.3,0.0,0.0031169783645031168,4,1,spring,2460.819891891892,0.08392282958199358,0.0031121306582920587
1,2,jul,fri,90.7,80.9,368.3,16.8,0.4051446945337621,0.7411764705882353,0.8444444444444444,0.0,0.0,7,5,summer,16086.0067202381,0.3421221864951769,0.0
2,5,sep,fri,90.3,290.0,855.3,7.4,0.45016077170418006,0.5058823529411764,0.3555555555555555,0.0,0.009167583425009168,9,5,fall,302672.177027027,0.16005716327259734,0.009125816207645706
5,5,aug,sun,94.0,47.9,100.7,10.7,0.4855305466237943,0.7647058823529411,0.45555555555555555,0.0,0.0,8,7,summer,4237.493644859813,0.22118613790639519,0.0
6,5,aug,sun,92.0,203.2,664.5,8.1,0.5434083601286175,0.6470588235294117,0.2,0.0,0.0,8,7,summer,153363.3185185185,0.1086816720257235,0.0
3,4,mar,wed,93.4,17.3,28.3,9.9,0.21543408360128619,0.23529411764705882,0.8444444444444444,0.0,0.0,3,3,spring,461.8960202020203,0.1819221150410861,0.0
7,4,sep,wed,89.7,284.9,844.0,10.1,0.2668810289389068,0.7294117647058824,0.39999999999999997,0.0,0.0,9,3,fall,213553.14178217822,0.10675241157556271,0.0
7,4,aug,sun,91.6,181.3,613.0,7.6,0.54983922829582,0.5411764705882354,0.5000000000000001,0.0,0.0,8,7,summer,133949.21105263158,0.27491961414791005,0.0
4,5,aug,wed,95.2,217.7,690.0,18.0,0.6816720257234727,0.39999999999999997,0.5555555555555556,0.0,0.005867253392005868,8,3,summer,79445.98666666668,0.3787066809574849,0.005850108092014728
1,4,aug,fri,90.5,196.8,649.9,16.3,0.30868167202572355,0.8588235294117645,0.5000000000000001,0.0,0.008892555922258892,8,5,summer,71012.14085889571,0.1543408360128618,0.0088532499950828
7,4,aug,mon,91.5,238.2,730.6,7.5,0.49839228295819943,0.588235294117647,0.39999999999999997,0.0,0.0,8,1,summer,212315.2824,0.19935691318327975,0.0
4,5,aug,thu,89.4,266.2,803.3,5.6,0.48874598070739556,0.4588235294117647,0.3,0.0,0.0,8,4,summer,341377.8272142857,0.14662379421221866,0.0
3,4,aug,thu,91.6,248.4,753.8,6.3,0.4694533762057879,0.4823529411764706,0.3,0.0,0.0,8,4,summer,272246.7154285714,0.14083601286173636,0.0
3,4,jul,mon,94.6,160.0,567.2,16.7,0.504823151125402,0.38823529411764707,0.25555555555555554,0.0,0.0,7,1,summer,51408.01916167665,0.12901036084315828,0.0
2,4,aug,thu,91.6,248.4,753.8,6.3,0.4630225080385853,0.5176470588235293,0.25555555555555554,0.0,0.0,8,4,summer,272246.7154285714,0.11832797427652735,0.0
1,4,aug,wed,91.7,191.4,635.9,7.8,0.5691318327974277,0.411764705882353,0.39999999999999997,0.0,0.07590759075907591,8,3,summer,143088.75053846152,0.22765273311897108,0.07316457585733843
8,6,aug,sat,93.7,231.1,715.1,8.4,0.5369774919614148,0.5764705882352941,0.5000000000000001,0.0,0.003025302530253025,8,6,summer,184343.16020238097,0.26848874598070743,0.0030207355113108718
7,4,aug,sat,91.6,273.8,819.1,7.7,0.4276527331189711,0.6705882352941177,0.8444444444444444,0.0,0.0017418408507517418,8,6,summer,266793.42244155845,0.36112897463379784,0.001740325605266169
2,5,aug,sat,93.7,231.1,715.1,8.4,0.5369774919614148,0.5764705882352941,0.5000000000000001,0.0,0.0,8,6,summer,184343.16020238097,0.26848874598070743,0.0
8,6,aug,sat,93.7,231.1,715.1,8.4,0.5369774919614148,0.5764705882352941,0.5000000000000001,0.0,0.0,8,6,summer,184343.16020238097,0.26848874598070743,0.0
1,4,sep,sun,91.0,276.3,825.1,7.1,0.39549839228295824,0.7176470588235293,0.7999999999999999,0.0,0.0033920058672533924,9,7,fall,292193.4764788732,0.3163987138263666,0.0033862659914841897
6,5,feb,tue,75.1,4.4,16.2,1.9,0.07717041800643087,0.7882352941176471,0.6555555555555556,0.0,0.0049504950495049506,2,2,winter,281.7435789473684,0.05058949624866024,0.004938281640582577
6,4,feb,tue,75.1,4.4,16.2,1.9,0.09324758842443731,0.7294117647058824,0.5555555555555556,0.0,0.0019251925192519254,2,2,winter,281.7435789473684,0.051804215791354066,0.001923341711194247
2,2,feb,sat,79.5,3.6,15.3,1.8,0.07717041800643087,0.5176470588235293,0.055555555555555546,0.0,0.0062339567290062336,2,6,winter,243.26999999999998,0.004287245444801715,0.006214606000187258
6,5,mar,mon,87.2,15.1,36.9,7.1,0.25723472668810293,0.35294117647058826,0.6,0.0,0.002933626696002934,3,1,spring,684.3234929577465,0.15434083601286175,0.002929332010493066
3,4,mar,wed,90.2,18.5,41.1,7.3,0.28938906752411575,0.3058823529411765,0.5555555555555556,0.0,0.005133846718005134,3,3,spring,939.5009589041097,0.1607717041800643,0.00512071345719723
6,5,mar,thu,91.3,20.6,43.5,8.5,0.35691318327974286,0.1411764705882353,0.3555555555555555,0.0,0.00605060506050605,3,4,spring,962.5168235294117,0.12690246516613077,0.006032373653441534
6,3,apr,sun,91.0,14.6,25.6,12.3,0.36977491961414793,0.21176470588235297,1.0,0.0,0.05601393472680602,4,7,spring,276.52162601626014,0.36977491961414793,0.05450138096102728
5,4,apr,sun,91.0,14.6,25.6,12.3,0.4951768488745982,0.1411764705882353,0.6,0.0,0.0,4,7,spring,276.52162601626014,0.2971061093247589,0.0
4,3,may,fri,89.6,25.4,73.7,5.7,0.5080385852090032,0.29411764705882354,0.39999999999999997,0.0,0.035295196186285294,5,5,spring,2942.6211929824563,0.2032154340836013,0.034686599758191126
8,3,jun,mon,88.2,96.2,229.0,4.7,0.3890675241157557,0.7529411764705882,0.39999999999999997,0.0,0.0017418408507517418,6,1,summer,41341.028936170216,0.15562700964630227,0.001740325605266169
9,4,jun,sat,90.5,61.1,252.6,9.4,0.717041800643087,0.411764705882353,0.3,0.0,0.06444811147781444,6,6,summer,14859.195000000002,0.21511254019292608,0.06245645966152693
4,3,jun,thu,93.0,103.8,316.7,10.8,0.7781350482315113,0.23529411764705882,0.25555555555555554,0.0,0.009259259259259259,6,4,summer,28307.701666666664,0.19885673454805286,0.009216655104924048
2,5,jun,thu,93.7,121.7,350.2,18.0,0.6591639871382637,0.29411764705882354,1.0,0.0,0.002933626696002934,6,4,summer,22185.734211111114,0.6591639871382637,0.002929332010493066
4,3,jul,thu,93.5,85.3,395.0,9.9,0.8038585209003217,0.15294117647058825,0.09999999999999998,0.0,0.0016501650165016502,7,4,summer,31821.63888888889,0.08038585209003216,0.0016488049901838859
4,3,jul,sun,93.7,101.3,423.4,14.7,0.7684887459807075,0.35294117647058826,0.39999999999999997,0.0,0.006784011734506785,7,7,summer,27338.99560544217,0.307395498392283,0.006761103873338825
7,4,jul,sun,93.7,101.3,423.4,14.7,0.5144694533762058,0.7882352941176471,0.45555555555555555,0.0,0.002016868353502017,7,7,summer,27338.99560544217,0.2343694176491604,0.002014837205105094
7,4,jul,mon,89.2,103.9,431.6,6.4,0.6559485530546625,0.4941176470588235,0.5000000000000001,0.0,0.25531719838650535,7,1,summer,62500.26575000001,0.3279742765273313,0.22738828836675445
9,9,jul,thu,93.2,114.4,560.0,9.5,0.9003215434083602,0.11764705882352944,0.45555555555555555,0.0,0.002566923359002567,7,4,summer,62850.15578947369,0.4101464808860308,0.002563634438306437
4,3,jul,thu,93.2,114.4,560.0,9.5,0.9003215434083602,0.08235294117647057,0.5000000000000001,0.0,0.0,7,4,summer,62850.15578947369,0.45016077170418023,0.0
3,4,aug,sun,94.9,130.3,587.1,14.1,0.6816720257234727,0.29411764705882354,0.6,0.0,0.0011917858452511918,8,7,summer,51487.712319148945,0.40900321543408363,0.0011910762322493167
8,6,aug,sun,94.9,130.3,587.1,14.1,0.9260450160771705,0.1411764705882353,0.5555555555555556,0.0,0.0,8,7,summer,51487.712319148945,0.5144694533762059,0.0
2,5,aug,sun,94.9,130.3,587.1,14.1,0.9935691318327977,0.11764705882352944,0.39999999999999997,0.0,0.0242024202420242,8,7,summer,51487.712319148945,0.39742765273311903,0.023914183099588163
2,4,aug,mon,95.0,135.5,596.3,21.3,0.9131832797427655,0.15294117647058825,0.3555555555555555,0.0,0.0019251925192519254,8,1,summer,36036.95657276995,0.3246873883529832,0.001923341711194247
5,4,aug,tue,95.1,141.3,605.8,17.7,0.7041800643086817,0.32941176470588235,0.6555555555555556,0.0,0.0018335166850018336,8,2,summer,45991.61725423729,0.4616291532690247,0.0018318378450921915
5,4,aug,tue,95.1,141.3,605.8,17.7,0.7781350482315113,0.22352941176470592,0.3555555555555555,0.0,0.015034836817015033,8,2,summer,45991.61725423729,0.27667023937120394,0.014922933891971633
4,4,aug,tue,95.1,141.3,605.8,17.7,0.5530546623794212,0.6588235294117648,0.7999999999999999,0.0,0.04281261459479282,8,2,summer,45991.61725423729,0.442443729903537,0.04192149985367211
4,4,aug,wed,95.1,141.3,605.8,17.7,0.5916398713826367,0.5058823529411764,0.09999999999999998,0.0,0.0,8,3,summer,45991.61725423729,0.05916398713826366,0.0
4,4,aug,wed,95.1,141.3,605.8,17.7,0.852090032154341,0.21176470588235297,0.39999999999999997,0.0,0.0,8,3,summer,45991.61725423729,0.34083601286173637,0.0
4,4,aug,thu,95.8,152.0,624.1,13.8,0.9710610932475885,0.07058823529411767,0.45555555555555555,0.0,0.0,8,4,summer,65854.3084057971,0.4423722758127903,0.0
1,3,aug,fri,95.9,158.0,633.6,11.3,0.9710610932475885,0.1411764705882353,0.2,0.0,0.0,8,5,summer,84959.59221238938,0.1942122186495177,0.0
1,3,aug,fri,95.9,158.0,633.6,11.3,0.8135048231511255,0.1647058823529412,0.45555555555555555,0.0,0.039695636230289696,8,5,summer,84959.59221238938,0.3705966416577349,0.038928012849851236
6,6,aug,sat,96.0,164.0,643.0,14.0,0.919614147909968,0.1764705882352941,0.5000000000000001,0.0,0.007884121745507884,8,6,summer,72309.94285714286,0.4598070739549841,0.007853204455126538
6,6,aug,mon,96.2,175.5,661.8,16.8,0.6977491961414792,0.31764705882352945,0.2,0.0,0.0,8,1,summer,66507.35464285714,0.13954983922829586,0.0
4,5,aug,mon,96.2,175.5,661.8,16.8,0.9774919614147912,0.1294117647058824,0.3,0.0,0.002566923359002567,8,1,summer,66507.35464285714,0.2932475884244374,0.002563634438306437
3,4,aug,tue,96.1,181.1,671.2,14.3,0.9678456591639872,0.1411764705882353,0.2,0.0,0.013476347634763476,8,2,summer,81687.90316083917,0.19356913183279745,0.013386349326067514
6,5,aug,tue,96.1,181.1,671.2,14.3,1.0,0.1294117647058824,0.25555555555555554,0.0,0.03712871287128713,8,2,summer,81687.90316083917,0.25555555555555554,0.036456041960987694
7,5,aug,tue,96.1,181.1,671.2,14.3,0.807073954983923,0.5647058823529412,0.5000000000000001,1.0,0.009900990099009901,8,2,summer,81687.90316083917,0.4035369774919616,0.00985229644301164
8,6,aug,tue,96.1,181.1,671.2,14.3,0.6237942122186497,0.588235294117647,0.5000000000000001,0.125,0.0,8,2,summer,81687.90316083917,0.3118971061093249,0.0
7,5,aug,tue,96.1,181.1,671.2,14.3,0.6237942122186497,0.588235294117647,0.5000000000000001,0.125,0.0,8,2,summer,81687.90316083917,0.3118971061093249,0.0
4,4,aug,tue,96.1,181.1,671.2,14.3,0.594855305466238,0.6352941176470588,0.5000000000000001,0.0625,0.0,8,2,summer,81687.90316083917,0.29742765273311905,0.0
2,4,aug,wed,94.5,139.4,689.1,20.0,0.8681672025723475,0.1764705882352941,0.5000000000000001,0.0,0.0018335166850018336,8,3,summer,45388.60515,0.43408360128617385,0.0018318378450921915
4,3,aug,wed,94.5,139.4,689.1,20.0,0.8585209003215435,0.1647058823529412,0.5000000000000001,0.0,0.04547121378804547,8,3,summer,45388.60515,0.42926045016077186,0.04446770606708352
1,2,aug,thu,91.0,163.2,744.4,10.1,0.7877813504823152,0.23529411764705882,0.15555555555555553,0.0,0.005317198386505317,8,4,summer,109457.75524752475,0.12254376563058235,0.005303111998514551
1,2,aug,fri,91.0,166.9,752.6,7.1,0.5241157556270097,0.6823529411764706,0.9,0.0,0.0,8,5,summer,160991.74000000002,0.47170418006430875,0.0
2,4,aug,fri,91.0,166.9,752.6,7.1,0.762057877813505,0.3058823529411765,0.3555555555555555,0.0,0.0,8,5,summer,160991.74000000002,0.2709539121114684,0.0
1,2,aug,fri,91.0,166.9,752.6,7.1,0.762057877813505,0.3058823529411765,0.3555555555555555,0.0,0.0,8,5,summer,160991.74000000002,0.2709539121114684,0.0
5,4,aug,fri,91.0,166.9,752.6,7.1,0.6077170418006432,0.6588235294117648,0.7999999999999999,0.21875,0.002016868353502017,8,5,summer,160991.74000000002,0.48617363344051456,0.002014837205105094
6,5,aug,fri,91.0,166.9,752.6,7.1,0.5144694533762058,0.5529411764705883,0.5555555555555556,0.0,0.00036670333700036676,8,5,summer,160991.74000000002,0.285816362986781,0.0003666361177641113
8,6,aug,sun,81.6,56.7,665.6,1.9,0.8231511254019295,0.23529411764705882,0.25555555555555554,0.0,0.0,8,7,summer,162081.30694736843,0.21036084315827086,0.0
4,3,aug,sun,81.6,56.7,665.6,1.9,0.8231511254019295,0.2,0.25555555555555554,0.0,0.005867253392005868,8,7,summer,162081.30694736843,0.21036084315827086,0.005850108092014728
2,4,aug,sun,81.6,56.7,665.6,1.9,0.6334405144694535,0.6588235294117648,0.6,0.0,0.049779977997799776,8,7,summer,162081.30694736843,0.38006430868167207,0.04858059744786037
7,4,aug,sun,81.6,56.7,665.6,1.9,0.6109324758842445,0.6470588235294117,0.7000000000000001,0.0,0.010267693436010267,8,7,summer,162081.30694736843,0.4276527331189712,0.010215338741426265
1,4,aug,sat,94.4,146.0,614.7,11.3,0.7524115755627012,0.31764705882352945,0.39999999999999997,0.0,0.0,8,6,summer,74973.81663716816,0.30096463022508047,0.0
6,3,nov,tue,79.5,3.0,106.7,1.1,0.30868167202572355,0.18823529411764706,0.45555555555555555,0.0,0.0,11,2,fall,2313.4500000000003,0.14062165058949627,0.0
